category,log2_file_size,origin,original_bytes,sha256,size_bucket,source_group,source_id,source_path,split
archive,11.342630298678408,real,2597,d3ded09d755c7c896e54b00b6b49be489d6d7daaf8644040916911505623d36d,lt_16KiB,real:apps\public_nextjs\.next\cache\webpack\client-development\2.pack.gz,86aebd2a6ca744d6ce03,C:\Users\ss\Desktop\XAI\XAI\apps\public_nextjs\.next\cache\webpack\client-development\2.pack.gz,test
archive,23.374848190541115,real,10877534,1097a9c63933d92fb6d40acbb5871c0881f69ed68b4605cda62cd040674841c4,gt_10MiB,real:apps\public_nextjs\.next\cache\webpack\server-development\0.pack.gz,ab9fd50e606430ff1ad4,C:\Users\ss\Desktop\XAI\XAI\apps\public_nextjs\.next\cache\webpack\server-development\0.pack.gz,test
archive,23.492111490497773,real,11798593,fd5f5bcaba1cf150622596027fefdd22ac7a61db2dde473c03f3965c3881d4ed,gt_10MiB,real:apps\public_nextjs\.next\cache\webpack\client-development\1.pack.gz,c00053085b900f5df548,C:\Users\ss\Desktop\XAI\XAI\apps\public_nextjs\.next\cache\webpack\client-development\1.pack.gz,test
binary,5.614709844115208,real,49,58a43472c935cb48bcf1270662961f78f69d6accf404d42718684e4cc4429858,lt_16KiB,real:apps\public_nextjs\.gitignore,5f8724e09072ab9a265f,C:\Users\ss\Desktop\XAI\XAI\apps\public_nextjs\.gitignore,test
binary,5.754887502163468,real,54,002ae1a4bd438cf5ffb03a9d964990dfeb9389bcfb323b67c8b7a133ae8a12b1,lt_16KiB,real:apps\mobile_authenticator_flutter\android\.gradle\buildOutputCleanup\cache.properties,a79486349dd2e056bef1,C:\Users\ss\Desktop\XAI\XAI\apps\mobile_authenticator_flutter\android\.gradle\buildOutputCleanup\cache.properties,test
binary,6.672425341971495,real,102,5b3ee2ef314de0dc6adc83b4a21f02ddd964bc5700e813a1791d93a322c2086b,lt_16KiB,real:apps\public_nextjs\.next\cache\.rscinfo,40edde3ff58386c6e648,C:\Users\ss\Desktop\XAI\XAI\apps\public_nextjs\.next\cache\.rscinfo,test
binary,8.011227255423254,real,258,2d49913b6961e7886aceaa2bf12fd148a463f5077b9d489d6036933e0a0e21ee,lt_16KiB,real:apps\web_angular\Dockerfile,f6d8ac25d8ced35c97bb,C:\Users\ss\Desktop\XAI\XAI\apps\web_angular\Dockerfile,test
binary,9.638435913990472,real,797,d6b16579d5f6a6066cc22323c4e34adb82020f7b75378bffed7f0358bc949ce3,lt_16KiB,real:apps\mobile_authenticator_flutter\android\settings.gradle.kts,cc0a768c16bc4f521d5e,C:\Users\ss\Desktop\XAI\XAI\apps\mobile_authenticator_flutter\android\settings.gradle.kts,test
binary,11.766528908598865,real,3484,162dd67b8042a9e57c67e0cc11aa979e3b2d7b44e350a99596c9f66313a312e0,lt_16KiB,real:apps\admin_dotnet\Components\Pages\Home.razor,5cfd18ecb4615302b290,C:\Users\ss\Desktop\XAI\XAI\apps\admin_dotnet\Components\Pages\Home.razor,test
binary,12.131213905086272,real,4486,ad9c84765af109b753aa1444e9515e89579b53967bd1bae5fc64ecd41221ab0a,lt_16KiB,real:apps\web_angular\src\styles.scss,1364093c2cd97d6b467d,C:\Users\ss\Desktop\XAI\XAI\apps\web_angular\src\styles.scss,test
binary,13.557344030489888,real,12055,a2c397b45a54899472e474caa3de4ca7bad5e570071e4d9768e32b1022a5f016,lt_16KiB,real:apps\desktop_flutter\.flutter-plugins-dependencies,fb876718379f313755bf,C:\Users\ss\Desktop\XAI\XAI\apps\desktop_flutter\.flutter-plugins-dependencies,test
binary,14.532903772613757,real,23705,471ecf91ed6391162a1544c0c68a69fe253ac363b98667175bb42f9a59f986e5,16_64KiB,real:apps\desktop_flutter\pubspec.lock,665359906b3619ac985e,C:\Users\ss\Desktop\XAI\XAI\apps\desktop_flutter\pubspec.lock,test
csv,5.247927513443585,real,38,c6484bd00fba72894b9614e35c9f5aa34441bd7951db46338fa7777e023f0279,lt_16KiB,real:engines\XAI-Compress\results\final_analysis\roundtrip_results.csv,e3912e357456af06dfed,C:\Users\ss\Desktop\XAI\XAI\engines\XAI-Compress\results\final_analysis\roundtrip_results.csv,test
csv,6.491853096329675,real,90,c2b289c3259e1dc84f545db4b69c0a3cb62953bb37220f9521ef6e4438f18a77,lt_16KiB,real:engines\XAI-Compress\results\final_analysis\final_comparison.csv,921d357da1bee764ce1d,C:\Users\ss\Desktop\XAI\XAI\engines\XAI-Compress\results\final_analysis\final_comparison.csv,test
csv,8.243173983472952,real,303,5347d6a1802290c3d98c575c6d588c944cf6edc8263f35e87c7a230dd3db0543,lt_16KiB,real:engines\XAI-Compress\results\final_project\lossless_bpb_breakdown.csv,39a02de3ede36018b3fe,C:\Users\ss\Desktop\XAI\XAI\engines\XAI-Compress\results\final_project\lossless_bpb_breakdown.csv,test
csv,9.098032082960527,real,548,5298bd4aaa340a190b84ec31e0592771b0a029ad38d6c42f9498f6408ca8e136,lt_16KiB,real:engines\XAI-Compress\results\hybrid_ai\final_decision_table.csv,13de65abccd316cc7ad0,C:\Users\ss\Desktop\XAI\XAI\engines\XAI-Compress\results\hybrid_ai\final_decision_table.csv,test
csv,9.649256177517314,real,803,d7d2fd730a7b104cb5ab2c82601f322f6e10fcd2aed0259b631c7cd23a05999f,lt_16KiB,real:engines\XAI-Compress\results\model_search\leaderboard.csv,7da935a5c5745da0fc47,C:\Users\ss\Desktop\XAI\XAI\engines\XAI-Compress\results\model_search\leaderboard.csv,test
csv,9.861086905995395,real,930,ffbfea0b154394263f6dd84f874a3eae790e8f952d9c5b4ab666f0959bd3db07,lt_16KiB,real:engines\XAI-Compress\results\final_project\lossy_benchmark.csv,5dc21384a6a2b295ec5d,C:\Users\ss\Desktop\XAI\XAI\engines\XAI-Compress\results\final_project\lossy_benchmark.csv,test
csv,9.902375114486025,real,957,2a033ae9dd973173da92a71cb6c95407de7a8e2256f24aca5a89a313776bac26,lt_16KiB,real:engines\XAI-Compress\results\model_v2\lossless_bpb_breakdown.csv,ef3edbf6186277f5ef97,C:\Users\ss\Desktop\XAI\XAI\engines\XAI-Compress\results\model_v2\lossless_bpb_breakdown.csv,test
csv,9.945443836377912,real,986,79fc768af3618c4609d1ee65e7004214356fd74a9393573e0576dd92c8f538ff,lt_16KiB,real:engines\XAI-Compress\results\model_v2\kaggle_lossless_v2_progress.csv,0e4427f0e7b0f0da7ba0,C:\Users\ss\Desktop\XAI\XAI\engines\XAI-Compress\results\model_v2\kaggle_lossless_v2_progress.csv,test
csv,10.375039431346925,real,1328,368890c6915dfc2a63ac10be7b0435a3422a736a876429753454823b8c34d0b7,lt_16KiB,real:engines\XAI-Compress\results\model_v2\lossless_benchmark.csv,b2aeaaf4897e7310def1,C:\Users\ss\Desktop\XAI\XAI\engines\XAI-Compress\results\model_v2\lossless_benchmark.csv,test
csv,10.824163209744158,real,1813,4c5a0c65906bb0e16abe8ce4c9119562b5b1b7cecd1cd6fb18b85773c4d03bfa,lt_16KiB,real:engines\XAI-Compress\phase_j_results.csv,908ba22d7f9287d17ced,C:\Users\ss\Desktop\XAI\XAI\engines\XAI-Compress\phase_j_results.csv,test
csv,12.053247125912426,real,4250,0f2012f4ecf0c73cfed0d946774ee75b0ef148af1af15f97eeb94c67bd57638d,lt_16KiB,real:engines\XAI-Compress\results\final_project\lossless_benchmark.csv,b26de929ad20b7ac9288,C:\Users\ss\Desktop\XAI\XAI\engines\XAI-Compress\results\final_project\lossless_benchmark.csv,test
csv,12.169298695792845,real,4606,a9b4873721448f7b1fb5613083a62179d3e53decedef4790571beae67ca73c8c,lt_16KiB,real:engines\XAI-Compress\results\hybrid_ai\selector_feature_importance.csv,20cb03e2c284978c7f64,C:\Users\ss\Desktop\XAI\XAI\engines\XAI-Compress\results\hybrid_ai\selector_feature_importance.csv,test
csv,12.7688046164558,real,6979,d2878628105b722a9242e5190e934ef2a4bf48ec9c17a9646fcbefdafafbd850,lt_16KiB,real:engines\XAI-Compress\results\model_search\imports\auto\residual-scale-depth-3c28504154\v1\results\model_search\residual_scale_depth\short_screen.metrics.csv,fd92d55f5169a15f74dc,C:\Users\ss\Desktop\XAI\XAI\engines\XAI-Compress\results\model_search\imports\auto\residual-scale-depth-3c28504154\v1\results\model_search\residual_scale_depth\short_screen.metrics.csv,test
csv,15.759029923795762,real,55455,4b3d2fe0a72ef335da55058847359ba5e9fe2be0634f2370b331ffe0dd0e8c27,16_64KiB,real:engines\XAI-Compress\data\domain_focused\archive (1)\FaceForensics++_C23\csv\FaceShifter.csv,16a980a0d416c9105d7a,C:\Users\ss\Desktop\XAI\XAI\engines\XAI-Compress\data\domain_focused\archive (1)\FaceForensics++_C23\csv\FaceShifter.csv,test
csv,15.834693244253106,real,58441,c784503f209f929cf4cd3287f8c9139a8e07be314197b17bcad9c6c70bf1810c,16_64KiB,real:engines\XAI-Compress\data\domain_focused\archive (1)\FaceForensics++_C23\csv\NeuralTextures.csv,6e96649c37ae12817da8,C:\Users\ss\Desktop\XAI\XAI\engines\XAI-Compress\data\domain_focused\archive (1)\FaceForensics++_C23\csv\NeuralTextures.csv,test
csv,19.60305217476309,real,796355,41567b62dfa6c1170ab0a4817817bc0b973c910a67aad03c0a08b48bc9c6e57e,64KiB_1MiB,real:engines\XAI-Compress\phase_h_dataset_report.csv,90bb57d94e3fa72035ad,C:\Users\ss\Desktop\XAI\XAI\engines\XAI-Compress\phase_h_dataset_report.csv,test
executable,14.476239906323851,real,22792,12d82966713cf606f245b773ea7d3fc13a41674e4d2883d64a5cc1d27e1be304,16_64KiB,real:apps\admin_dotnet\bin\Debug\net8.0\Microsoft.Extensions.ObjectPool.dll,63b80d177dabc1b0609f,C:\Users\ss\Desktop\XAI\XAI\apps\admin_dotnet\bin\Debug\net8.0\Microsoft.Extensions.ObjectPool.dll,test
executable,15.068442416025826,real,34360,8f552ffcd501ab4658e5b70893fb93f4ff005d6e1d824a503c76213717dd9309,16_64KiB,real:apps\admin_dotnet\bin\Debug\net8.0\Microsoft.Extensions.AmbientMetadata.Application.dll,8532a7e7c38dfc36aa1a,C:\Users\ss\Desktop\XAI\XAI\apps\admin_dotnet\bin\Debug\net8.0\Microsoft.Extensions.AmbientMetadata.Application.dll,test
image,13.154026940926496,real,9115,d851ad815612aa7abda02c8cf79713e188c166f2ebc5ae9bb64f9278e151444e,lt_16KiB,real:engines\XAI-Compress\results\hybrid_ai\figures\01_codec_bpb.png,b431de9bd8324ec90c36,C:\Users\ss\Desktop\XAI\XAI\engines\XAI-Compress\results\hybrid_ai\figures\01_codec_bpb.png,test
image,13.257535169222358,real,9793,7a7a72e6e9328c1119c3a10cbafd6de5829ce16a6c77aa5f6e45eb00fcebe075,lt_16KiB,real:engines\XAI-Compress\results\hybrid_ai\figures\04_decompression_speed.png,801658a38cf0cafec5ef,C:\Users\ss\Desktop\XAI\XAI\engines\XAI-Compress\results\hybrid_ai\figures\04_decompression_speed.png,test
json,1.0,real,2,4f53cda18c2baa0c0354bb5f9a3ecbe5ed12ab4d8e11ba873c2f11161202b945,lt_16KiB,real:engines\XAI-Compress\results\benchmark_results.json,b2d26822f2e8d5499ddf,C:\Users\ss\Desktop\XAI\XAI\engines\XAI-Compress\results\benchmark_results.json,test
json,4.954196310386875,real,31,eea3c145b3456fcdf200b061ba939627d594c39727e9faa523ed958ed05b4705,lt_16KiB,real:apps\public_nextjs\.next\static\webpack\1cde06a0bb489b45.webpack.hot-update.json,215155f5831d7da605e0,C:\Users\ss\Desktop\XAI\XAI\apps\public_nextjs\.next\static\webpack\1cde06a0bb489b45.webpack.hot-update.json,test
json,6.3750394313469245,real,83,0a8520bc7e076f7ae717c2d62713990c83e8a3d74626f327a3844bc0504e210c,lt_16KiB,real:apps\public_nextjs\.next\server\middleware-manifest.json,e43e7849d7ac7eee3e69,C:\Users\ss\Desktop\XAI\XAI\apps\public_nextjs\.next\server\middleware-manifest.json,test
json,8.700439718141093,real,416,ecd7bfb0f847a8a076f6667982b0269c02817104969d5fff106f5c66a226fb81,lt_16KiB,real:apps\admin_dotnet\bin\Debug\net8.0\AdminDotNet.runtimeconfig.json,719549724763a3953a3a,C:\Users\ss\Desktop\XAI\XAI\apps\admin_dotnet\bin\Debug\net8.0\AdminDotNet.runtimeconfig.json,test
json,9.240791332161956,real,605,a54a4b741387d4d30886d73347414984eb04eca6a9342d2ddc95007452be349b,lt_16KiB,real:apps\web_angular\package.after-audit-force.json,a5121d3f04b140dd77b4,C:\Users\ss\Desktop\XAI\XAI\apps\web_angular\package.after-audit-force.json,test
json,9.923327485419192,real,971,cd04761d44d585b7a54c68e816c52917d1e500caeb8f54038c8df0ab8c3ebd99,lt_16KiB,real:engines\XAI-Compress\results\hybrid_ai\baseline_integrity.json,4416f13ac2189fe77572,C:\Users\ss\Desktop\XAI\XAI\engines\XAI-Compress\results\hybrid_ai\baseline_integrity.json,test
json,10.001408194392809,real,1025,36d7ff7d23c7c79b267328f694b89acbdab85844f282d3bd8205b40b6f0846ac,lt_16KiB,real:engines\XAI-Compress\checkpoints\kaggle\best.summary.json,0b56a8336d926b137c46,C:\Users\ss\Desktop\XAI\XAI\engines\XAI-Compress\checkpoints\kaggle\best.summary.json,test
json,10.656424863277781,real,1614,69470693549db47d18ddfac57102451e5bdea2d08140822f2174048564223313,lt_16KiB,real:apps\admin_dotnet\obj\Debug\net8.0\rjsmcshtml.dswa.cache.json,d3bde520fa745484d111,C:\Users\ss\Desktop\XAI\XAI\apps\admin_dotnet\obj\Debug\net8.0\rjsmcshtml.dswa.cache.json,test
json,10.751544059089099,real,1724,100b91a148d3b236cee1cd42b9a4b86eba4b59f63e453e6c16c75745b3af30dd,lt_16KiB,real:engines\XAI-Compress\notebooks\06_model_architecture.ipynb,2aaa61682ef5b2eeabcd,C:\Users\ss\Desktop\XAI\XAI\engines\XAI-Compress\notebooks\06_model_architecture.ipynb,test
json,12.021327032624372,real,4157,1c8e6c8b6ff3ec92e978cd88235af2a4583538d0f632eb3181ef69e8b88eb97f,lt_16KiB,real:apps\admin_dotnet\obj\Debug\net8.0\staticwebassets.build.json,5b2a797175be2fc16d7c,C:\Users\ss\Desktop\XAI\XAI\apps\admin_dotnet\obj\Debug\net8.0\staticwebassets.build.json,test
json,14.728133100306216,real,27140,22772bfedd8015fb1f771646625db2af08ea12c3f8205a8cd59e95c263993ff0,16_64KiB,real:engines\XAI-Compress\results\final\lossless_benchmark.json,1f2e48d06ee45b484a60,C:\Users\ss\Desktop\XAI\XAI\engines\XAI-Compress\results\final\lossless_benchmark.json,test
json,16.411179935200575,real,87148,55a1d5d8ca7de1337f99fbd657fb61a2cefb5d4be40b2476dbd13b43ff71e374,64KiB_1MiB,real:apps\admin_dotnet\obj\project.assets.json,d27dc1d6d4717d80c545,C:\Users\ss\Desktop\XAI\XAI\apps\admin_dotnet\obj\project.assets.json,test
logs,11.45994384837493,real,2817,049847514968689f7ed8bd72ba187a997cdc3c23060f634d7ffb9ffc4f3bcbbf,lt_16KiB,real:engines\XAI-Compress\phase_g_run.log,cd260a4c13627b0f1896,C:\Users\ss\Desktop\XAI\XAI\engines\XAI-Compress\phase_g_run.log,test
logs,15.451404316980605,real,44806,73d25606af40894a02d803dd1d00b7bdd83f57b2cef22bba822b649b5a9914b8,16_64KiB,real:engines\XAI-Compress\results\model_search\imports\candidate_b_20260830-183205\watch.log,1dfa898e4b00116e4cab,C:\Users\ss\Desktop\XAI\XAI\engines\XAI-Compress\results\model_search\imports\candidate_b_20260830-183205\watch.log,test
markdown,6.044394119358453,real,66,5dfa2133fba34e78ab059ad7b58c6e465b55a9ca47c56c61c18f8b6375d769f7,lt_16KiB,real:tools\qt_inspector\README.md,aedca929aa742fd71e9b,C:\Users\ss\Desktop\XAI\XAI\tools\qt_inspector\README.md,test
markdown,8.807354922057604,real,448,20f398f646b5787c9f2fc81d3d3d4a5e60f41a1a3da1763185b0a9731b9e693d,lt_16KiB,real:engines\XAI-Compress\reports\experiment_report.md,81a445cc02e5ab1cabd2,C:\Users\ss\Desktop\XAI\XAI\engines\XAI-Compress\reports\experiment_report.md,test
markdown,9.221587121264806,real,597,3d46921c4c74772c20f7b5fa7a719d5b31bcbc1b695fc2652443b63baf32e264,lt_16KiB,real:apps\public_nextjs\docs\INTEGRATION.md,2b5091e58cb6922ad60d,C:\Users\ss\Desktop\XAI\XAI\apps\public_nextjs\docs\INTEGRATION.md,test
markdown,9.457380879072534,real,703,3bbd3f87d7a578d34926dc2bd3bda47187a999d8146c2ef5992c43ffad738935,lt_16KiB,real:apps\mobile_authenticator_flutter\docs\PRODUCTION_CHECKLIST.md,8028fd8746ec7555a569,C:\Users\ss\Desktop\XAI\XAI\apps\mobile_authenticator_flutter\docs\PRODUCTION_CHECKLIST.md,test
markdown,9.744833837499545,real,858,d6799bd13be04d1d2446707a0f240191e77eb76daefa5f5b3b22c38239284793,lt_16KiB,real:apps\mobile_authenticator_flutter\docs\INTEGRATION.md,1cff286a0579303a0e2e,C:\Users\ss\Desktop\XAI\XAI\apps\mobile_authenticator_flutter\docs\INTEGRATION.md,test
markdown,10.611024797307353,real,1564,4cfcaebd97a13aec2e70779876662da997871c92f5ed9cc669025f78f727c887,lt_16KiB,real:apps\desktop_flutter\README.md,f8acbe64385c0bc28390,C:\Users\ss\Desktop\XAI\XAI\apps\desktop_flutter\README.md,test
markdown,11.0,real,2048,b3e7972e3affbfa8daff03c83b28362433865e6be2d30b49c3b1993ddea36b6e,lt_16KiB,real:engines\XAI-Compress\results\final_project\audit.md,c9bfc414215801365a64,C:\Users\ss\Desktop\XAI\XAI\engines\XAI-Compress\results\final_project\audit.md,test
markdown,11.86457308177364,real,3729,192bc0dbbe4e4824a4decf70cbce5ea391b08c651340cb3c579cb571f18b61b1,lt_16KiB,real:engines\XAI-Compress\results\model_v2\lossless_v2_preflight.md,efd24e78ff6d0f481461,C:\Users\ss\Desktop\XAI\XAI\engines\XAI-Compress\results\model_v2\lossless_v2_preflight.md,test
markdown,12.627989784315703,real,6330,32285e607936abe62cd5bf70740c76222f091d79f6c60df3ee12426de4e5d1cd,lt_16KiB,real:engines\XAI-Compress\results\model_search\imports\auto\lr-0-0002-f316e33308\v1\XAI-Compress\scripts\kaggle\README.md,8a329048e6e90bc5e436,C:\Users\ss\Desktop\XAI\XAI\engines\XAI-Compress\results\model_search\imports\auto\lr-0-0002-f316e33308\v1\XAI-Compress\scripts\kaggle\README.md,test
model,10.055282435501189,real,1064,68a7b978420557cea41317e4bf3e948ca294f39743cbbedc6a76ddc9e05e6bf6,lt_16KiB,real:engines\XAI-Compress\data\test\archive\results\checkpoint-140\scheduler.pt,b09d33b1dd2c5da1b94b,C:\Users\ss\Desktop\XAI\XAI\engines\XAI-Compress\data\test\archive\results\checkpoint-140\scheduler.pt,test
model,17.054095520550746,real,136080,95655d8929f221dbc9debec84eae3c13548be004c7b47632d6559012d6eaa5e0,64KiB_1MiB,real:engines\XAI-Compress\checkpoints\neural_lossy_v1\validation.latest.pt,bc559421f72cb439e577,C:\Users\ss\Desktop\XAI\XAI\engines\XAI-Compress\checkpoints\neural_lossy_v1\validation.latest.pt,test
model,20.513807578137296,real,1497171,dd3923d08d580c8fc805fe3212309d5f62fee16126165fcca95949dd9624f692,1_10MiB,real:engines\XAI-Compress\checkpoints\gru_smoke.pt,46873d3cf1d109fce5fb,C:\Users\ss\Desktop\XAI\XAI\engines\XAI-Compress\checkpoints\gru_smoke.pt,test
model,20.514156364265972,real,1497533,d5775fd5f77bf27e075a031d5ab07616cfe43df73d2e23892ec20efa00dcfb85,1_10MiB,real:engines\XAI-Compress\checkpoints\phase_j_v1_256.pt,1a26220d1e9b364d612d,C:\Users\ss\Desktop\XAI\XAI\engines\XAI-Compress\checkpoints\phase_j_v1_256.pt,test
model,24.822432299159,real,29668575,9435ed6b438cfc1b3c0fff31c6d139431d7cab1bded5dfd4bc1f04bc8032a04e,gt_10MiB,real:engines\XAI-Compress\checkpoints\model_search\residual-scale-depth-3c28504154\preflight.pt,9ace52ebc2064c6576de,C:\Users\ss\Desktop\XAI\XAI\engines\XAI-Compress\checkpoints\model_search\residual-scale-depth-3c28504154\preflight.pt,test
model,24.822933265210576,real,29678879,989ec35dfeb8ed0d723b5ee89608d0ef8ffbfc9dbf86e3bc168d6c6b8884f1af,gt_10MiB,real:engines\XAI-Compress\results\model_search\imports\auto\residual-scale-depth-3c28504154\v1\results\model_search\residual_scale_depth\short_screen.pt,43a808afe4de5b474271,C:\Users\ss\Desktop\XAI\XAI\engines\XAI-Compress\results\model_search\imports\auto\residual-scale-depth-3c28504154\v1\results\model_search\residual_scale_depth\short_screen.pt,test
source_code,6.741466986401147,real,107,163b91ecdd2a140b99e8071d4b150abdeac0050138b60bc483286c1f6d9ad345,lt_16KiB,real:apps\web_angular\SETUP_WINDOWS.bat,a208d145692f560be957,C:\Users\ss\Desktop\XAI\XAI\apps\web_angular\SETUP_WINDOWS.bat,test
source_code,6.820178962415188,real,113,a464413ee75e1016f3e46f43acd014660ae511a62f634896d1cd75eed7a6e47d,lt_16KiB,real:apps\public_nextjs\.next\server\next-font-manifest.js,79bb325c3295747efea3,C:\Users\ss\Desktop\XAI\XAI\apps\public_nextjs\.next\server\next-font-manifest.js,test
source_code,7.05528243550119,real,133,0f70ab56771161c148a99485db582812585e89a4a3eb060725535b25301f5763,lt_16KiB,real:engines\XAI-Compress\results\model_search\imports\auto\lr-0-0002-f316e33308\v1\XAI-Compress\scripts\kaggle\update_kaggle.ps1,bb914fd114f4206a6405,C:\Users\ss\Desktop\XAI\XAI\engines\XAI-Compress\results\model_search\imports\auto\lr-0-0002-f316e33308\v1\XAI-Compress\scripts\kaggle\update_kaggle.ps1,test
source_code,7.948367231584678,real,247,654652a218ec1d4fd76cc9c199ab7556a82d59fcd12a971d2fdc2db978a5e4a9,lt_16KiB,real:apps\mobile_authenticator_flutter\SETUP_WINDOWS.bat,f6d794d2819bbe2fb86d,C:\Users\ss\Desktop\XAI\XAI\apps\mobile_authenticator_flutter\SETUP_WINDOWS.bat,test
source_code,7.9886846867721655,real,254,91a6eb959ffc25a91d5c84d9ada255abf52b0399bebc79f78a82e0d948a20fa9,lt_16KiB,real:apps\web_angular\src\app\core\auth.guard.ts,e04070013dcbd69ecb20,C:\Users\ss\Desktop\XAI\XAI\apps\web_angular\src\app\core\auth.guard.ts,test
source_code,8.066089190457772,real,268,f4e8976c19fc926644d72610bf1058bd6bf52add97e46a02bc0b912a751625c0,lt_16KiB,real:apps\public_nextjs\next-env.d.ts,bde3693e1919277f0d4f,C:\Users\ss\Desktop\XAI\XAI\apps\public_nextjs\next-env.d.ts,test
source_code,8.614709844115207,real,392,45ffaad4aeaab69c287b21b96deb8cddfa8cb6f9ca270a24dd4169e7dc88eb3c,lt_16KiB,real:apps\web_angular\src\app\app.config.ts,3751e5d534b30709cc70,C:\Users\ss\Desktop\XAI\XAI\apps\web_angular\src\app\app.config.ts,test
source_code,9.002815015607053,real,513,d7900bd9987dd29c4a92a21f79d974d36c0ed78d922c14856cf7943295ba71d6,lt_16KiB,real:apps\public_nextjs\.next\server\middleware-build-manifest.js,3227da1dbc2dfac8e17f,C:\Users\ss\Desktop\XAI\XAI\apps\public_nextjs\.next\server\middleware-build-manifest.js,test
source_code,9.152284842306582,real,569,cc17dc1f9700b9c67043b7391a430658eb888a715aaa9cb188103677aaca442e,lt_16KiB,real:apps\web_angular\.angular\cache\20.3.28\xai-web\vite\deps\chunk-N2L2W5DK.js,e82ab03d226a655e5c2f,C:\Users\ss\Desktop\XAI\XAI\apps\web_angular\.angular\cache\20.3.28\xai-web\vite\deps\chunk-N2L2W5DK.js,test
source_code,9.471675214392045,real,710,920a9a96e5749591c9cd8b055ff143b5dd82f36e0e441f6d70401258762ef07e,lt_16KiB,real:apps\mobile_authenticator_flutter\test\totp_service_test.dart,2dcc3b9b19cb845ad6a1,C:\Users\ss\Desktop\XAI\XAI\apps\mobile_authenticator_flutter\test\totp_service_test.dart,test
source_code,9.961449694398196,real,997,56bb7d91b99883b6a6034fb0d9323ef5f64d98e5d83168c3b3e2bbc7adbb5961,lt_16KiB,real:apps\mobile_authenticator_flutter\lib\services\totp_service.dart,e6054482722e27c4eb52,C:\Users\ss\Desktop\XAI\XAI\apps\mobile_authenticator_flutter\lib\services\totp_service.dart,test
source_code,10.032045726930809,real,1047,87b6aa6f3f61cf2008b2ccfb1edf731dbdba519b7aa7cd203599234bd1302a90,lt_16KiB,real:apps\public_nextjs\app\pricing\page.tsx,ca528c2924b4d66a7016,C:\Users\ss\Desktop\XAI\XAI\apps\public_nextjs\app\pricing\page.tsx,test
source_code,10.149747119504681,real,1136,47906d4e9c1fadbd84ae5815105769d9239c449886c93ae942ec76849cc5c375,lt_16KiB,real:apps\mobile_authenticator_flutter\lib\models\authenticator_account.dart,d3b05331d36f10bb2338,C:\Users\ss\Desktop\XAI\XAI\apps\mobile_authenticator_flutter\lib\models\authenticator_account.dart,test
source_code,10.162391328756906,real,1146,ce0eb8b1ba85ee57b94602fa7dffb3adb5bd24bba502b9d243a4b07e2b0dbd86,lt_16KiB,real:analytics\XAI-Compress-Analysis-Suite\analysis_suite\common.py,af06e08a932131b2bd52,C:\Users\ss\Desktop\XAI\XAI\analytics\XAI-Compress-Analysis-Suite\analysis_suite\common.py,test
source_code,10.222794902868111,real,1195,da67ea12c91801f10dd8255aea339e7d3d6c29ec3388aed4a2aa3f5788fed17a,lt_16KiB,real:apps\web_angular\src\app\pages\files.page.ts,af53b59784cf5fa3bd54,C:\Users\ss\Desktop\XAI\XAI\apps\web_angular\src\app\pages\files.page.ts,test
source_code,10.239598529249124,real,1209,f1cc3850676d33b3b1deb8f9539c4b5609c58cbfa463e6ee2029f4c285702291,lt_16KiB,real:engines\XAI-Compress\results\model_search\imports\auto\lr-0-0002-f316e33308\v1\XAI-Compress\scripts\kaggle\submit_v2_lr_0002_diagnostic.ps1,aa14e7284e6e012d372f,C:\Users\ss\Desktop\XAI\XAI\engines\XAI-Compress\results\model_search\imports\auto\lr-0-0002-f316e33308\v1\XAI-Compress\scripts\kaggle\submit_v2_lr_0002_diagnostic.ps1,test
source_code,10.243173983472952,real,1212,9f009eb9fe78123ba150c0dd17cdb81ac5617ce62490cd39e8d25985559532a5,lt_16KiB,real:apps\public_nextjs\app\docs\page.tsx,f34def9fb472356e4ee0,C:\Users\ss\Desktop\XAI\XAI\apps\public_nextjs\app\docs\page.tsx,test
source_code,10.274960472140602,real,1239,e7ac9eff8361b426da90eb20526f500c8707721d7def73511aac18e32b8d66a6,lt_16KiB,real:engines\XAI-Compress\results\model_search\imports\auto\lr-0-0002-f316e33308\v1\XAI-Compress\scripts\kaggle\submit_activation_diagnostic.ps1,c3c9844aee9863dd7af6,C:\Users\ss\Desktop\XAI\XAI\engines\XAI-Compress\results\model_search\imports\auto\lr-0-0002-f316e33308\v1\XAI-Compress\scripts\kaggle\submit_activation_diagnostic.ps1,test
source_code,10.44086916761087,real,1390,f2ca5ca64ca5873c1345449c0665e5e2bd8c4522ded6f4a17f4c4e8f8764b488,lt_16KiB,real:analytics\XAI-Compress-Analysis-Suite\run_analysis_windows.bat,e1347c6d4abccf03a43d,C:\Users\ss\Desktop\XAI\XAI\analytics\XAI-Compress-Analysis-Suite\run_analysis_windows.bat,test
source_code,10.467605550082997,real,1416,9f1f13936eb78010569cab00bafa75d6ea360126f769dbe3c6f819a19bb26f07,lt_16KiB,real:apps\public_nextjs\app\architecture\page.tsx,bcc29aefa82f2fc182c3,C:\Users\ss\Desktop\XAI\XAI\apps\public_nextjs\app\architecture\page.tsx,test
source_code,10.705632387361415,real,1670,004e1f42db89fe8c1cece5b29efc3c2c268ec9f623731690c6a45e0e9a7c8597,lt_16KiB,real:apps\desktop_flutter\lib\models\app_models.dart,3302eb1afa92cfba09db,C:\Users\ss\Desktop\XAI\XAI\apps\desktop_flutter\lib\models\app_models.dart,test
source_code,10.706496018061188,real,1671,1419675c566fc08d2c3578b19e3dcb1dff0ac9fc2266cd1c84453560545fd828,lt_16KiB,real:apps\public_nextjs\.next\types\routes.d.ts,f99b6bb11feb9d915422,C:\Users\ss\Desktop\XAI\XAI\apps\public_nextjs\.next\types\routes.d.ts,test
source_code,10.825753832883112,real,1815,c2bf4c09ed6a0c194d062580155815c7795d2cd7b17215d17f3b6fbeed03cbca,lt_16KiB,real:apps\mobile_authenticator_flutter\lib\models\totp_enrollment.dart,40427eff7bca38574998,C:\Users\ss\Desktop\XAI\XAI\apps\mobile_authenticator_flutter\lib\models\totp_enrollment.dart,test
source_code,10.884933647949762,real,1891,644b73ae20b0422cd32ce0913b28260adc2f703b2f7a1e323d0925761941c082,lt_16KiB,real:engines\XAI-Compress\results\model_search\imports\auto\lr-0-0002-f316e33308\v1\XAI-Compress\scripts\kaggle\deploy.ps1,c68f5cb0f6b58db64c57,C:\Users\ss\Desktop\XAI\XAI\engines\XAI-Compress\results\model_search\imports\auto\lr-0-0002-f316e33308\v1\XAI-Compress\scripts\kaggle\deploy.ps1,test
source_code,10.911391987843459,real,1926,e2fe25e6fad9136a90294b68c08624af73126184773b62920f03fff7aaf1a08b,lt_16KiB,real:apps\web_angular\.angular\cache\20.3.28\xai-web\vite\deps\@angular_platform-browser.js,437449734e245885bdcf,C:\Users\ss\Desktop\XAI\XAI\apps\web_angular\.angular\cache\20.3.28\xai-web\vite\deps\@angular_platform-browser.js,test
source_code,11.155450731312138,real,2281,82eab2162108fff780aef6b53f3caa70c781dc5e8164c664f08b2530dd2caa69,lt_16KiB,real:engines\XAI-Compress\measure_block_benchmark.py,0f0daf031d676ef8bbf4,C:\Users\ss\Desktop\XAI\XAI\engines\XAI-Compress\measure_block_benchmark.py,test
source_code,11.179287104646004,real,2319,b4a3b4de87c0381e6952dea515d9904f97fdbfbf6cd24f523f961b012ae30e82,lt_16KiB,real:apps\admin_dotnet\Services\PlatformApiClient.cs,0d2d1d7dc57adc8c4df6,C:\Users\ss\Desktop\XAI\XAI\apps\admin_dotnet\Services\PlatformApiClient.cs,test
source_code,11.225207436943501,real,2394,d0390890b5e47f05126afe9e4b941e769541ae83641d25283335f876bba2ef74,lt_16KiB,real:apps\mobile_authenticator_flutter\android\app\src\main\java\io\flutter\plugins\GeneratedPluginRegistrant.java,f03df6e2a8c5298d2e1c,C:\Users\ss\Desktop\XAI\XAI\apps\mobile_authenticator_flutter\android\app\src\main\java\io\flutter\plugins\GeneratedPluginRegistrant.java,test
source_code,11.462502272597265,real,2822,02fc7184e5f4925d1f9d436666221ff453dded343354cd203f74e279162bf770,lt_16KiB,real:engines\XAI-Compress\results\model_search\imports\auto\lr-0-0002-f316e33308\v1\XAI-Compress\scripts\kaggle\run_lossless_v2_gradient_diagnostic.py,0d576738205abc00ed6e,C:\Users\ss\Desktop\XAI\XAI\engines\XAI-Compress\results\model_search\imports\auto\lr-0-0002-f316e33308\v1\XAI-Compress\scripts\kaggle\run_lossless_v2_gradient_diagnostic.py,test
source_code,11.955649907528374,real,3972,24e42c636e241f83c64da3f49553fff5b64a73c821a1afb314a96d21a4d64089,lt_16KiB,real:engines\XAI-Compress\results\model_search\imports\auto\lr-0-0002-f316e33308\v1\XAI-Compress\scripts\build_three_mode_report.py,9bfffccf3eb1ba81df60,C:\Users\ss\Desktop\XAI\XAI\engines\XAI-Compress\results\model_search\imports\auto\lr-0-0002-f316e33308\v1\XAI-Compress\scripts\build_three_mode_report.py,test
source_code,12.101647450030766,real,4395,2b6d691c2c6b2458a8121f0313ca8ba8363894b3da29602ac6d9cda6b7b2203e,lt_16KiB,real:engines\XAI-Compress\results\model_search\imports\auto\lr-0-0002-f316e33308\v1\XAI-Compress\scripts\generate_report.py,2da37eefbc61febd2975,C:\Users\ss\Desktop\XAI\XAI\engines\XAI-Compress\results\model_search\imports\auto\lr-0-0002-f316e33308\v1\XAI-Compress\scripts\generate_report.py,test
source_code,12.52552080909507,real,5896,78eeb90cc75d0f4eb14da131f2857553bdf32446b2f28b9a86944e7da0ab22dc,lt_16KiB,real:analytics\XAI-Compress-Analysis-Suite\generate_report.py,14d03c12483022a2865d,C:\Users\ss\Desktop\XAI\XAI\analytics\XAI-Compress-Analysis-Suite\generate_report.py,test
source_code,13.606520882775289,real,12473,ccfeea95fd7f84d8ecf0e5bd8dfa381a2613732c24060e2c80da252ea747385c,lt_16KiB,real:apps\public_nextjs\.next\server\app\page_client-reference-manifest.js,d70e480f35e3d065646a,C:\Users\ss\Desktop\XAI\XAI\apps\public_nextjs\.next\server\app\page_client-reference-manifest.js,test
source_code,14.310186726124348,real,20314,1bc2b0798288ecd2ff4a1ee534cdda619a4058241b31c5581daf392006faaa0f,16_64KiB,real:apps\public_nextjs\.next\server\webpack-runtime.js,0ff9b372da6fcecbdc8a,C:\Users\ss\Desktop\XAI\XAI\apps\public_nextjs\.next\server\webpack-runtime.js,test
source_code,16.780770424404867,real,112594,0973c1d64c88adc8e3c950410cb58b288f72118d5965b78049438deb8f2f9683,64KiB_1MiB,real:apps\public_nextjs\.next\static\chunks\polyfills.js,8abb57b457777e88f55e,C:\Users\ss\Desktop\XAI\XAI\apps\public_nextjs\.next\static\chunks\polyfills.js,test
source_code,17.39757436804089,real,172660,9e031c792628e3cf941c0005dbf48c55224dbae87e99f747998cc7e2ee136ee8,64KiB_1MiB,real:apps\web_angular\.angular\cache\20.3.28\xai-web\vite\deps\chunk-RSS3ODKE.js,0cbec22b5580244ca3cd,C:\Users\ss\Desktop\XAI\XAI\apps\web_angular\.angular\cache\20.3.28\xai-web\vite\deps\chunk-RSS3ODKE.js,test
source_code,17.738752006579904,real,218724,2ca20fd23b2105de3f4c4f2a05ff0fb88b02f5942651b40d75fa273c69763a2d,64KiB_1MiB,real:apps\web_angular\.angular\cache\20.3.28\xai-web\vite\deps\@angular_router.js,0176cdda1aac09477d97,C:\Users\ss\Desktop\XAI\XAI\apps\web_angular\.angular\cache\20.3.28\xai-web\vite\deps\@angular_router.js,test
text,6.78135971352466,real,110,12d5e52979bac2507069908c31ce1fcd3b5c50a53bb359f4a43817ab410dc405,lt_16KiB,real:engines\XAI-Compress\requirements.txt,0ebdf4283c5b6a0215ac,C:\Users\ss\Desktop\XAI\XAI\engines\XAI-Compress\requirements.txt,test
text,10.842350343413807,real,1836,d765fdd05f63ad099e585a2cced0cbff13ec3229b7de68c8681b2107db850089,lt_16KiB,real:apps\desktop_flutter\windows\runner\CMakeLists.txt,4bb6ea144fbc0976bcbe,C:\Users\ss\Desktop\XAI\XAI\apps\desktop_flutter\windows\runner\CMakeLists.txt,test
video,20.488918857422913,real,1471564,f0af6d9d362282406052f328451863fbc680c84411dbbfb4d4acc2209913fc2f,1_10MiB,real:engines\XAI-Compress\data\test\archive (1)\FaceForensics++_C23\DeepFakeDetection\02_09__walk_down_hall_angry__6KUOFMZW.mp4,48e21ec2f07a239cb0db,C:\Users\ss\Desktop\XAI\XAI\engines\XAI-Compress\data\test\archive (1)\FaceForensics++_C23\DeepFakeDetection\02_09__walk_down_hall_angry__6KUOFMZW.mp4,test
video,20.578343204977056,real,1565664,29ae66520a76297fb9202e7574e69be6d9946f0c1b0765fb4c3bfdd430a3ca51,1_10MiB,real:engines\XAI-Compress\data\test\archive (1)\FaceForensics++_C23\DeepFakeDetection\02_18__walk_down_hall_angry__B95S4G6F.mp4,75ac8e38c89544f86012,C:\Users\ss\Desktop\XAI\XAI\engines\XAI-Compress\data\test\archive (1)\FaceForensics++_C23\DeepFakeDetection\02_18__walk_down_hall_angry__B95S4G6F.mp4,test
video,20.652182383864787,real,1647883,14dd6934fc7bb1bcc957d1268c8011dfe9e73ae530c960ebbbf0bb1d61cf8f34,1_10MiB,real:engines\XAI-Compress\data\test\archive (1)\FaceForensics++_C23\DeepFakeDetection\02_18__exit_phone_room__OXMEEFUQ.mp4,f887056a858ef5d79853,C:\Users\ss\Desktop\XAI\XAI\engines\XAI-Compress\data\test\archive (1)\FaceForensics++_C23\DeepFakeDetection\02_18__exit_phone_room__OXMEEFUQ.mp4,test
video,21.314944961291236,real,2608782,a5851c69fc24e31cb054a87440e8e56ccca46267acbde202d5809bb8d66a5d43,1_10MiB,real:engines\XAI-Compress\data\test\archive (1)\FaceForensics++_C23\DeepFakeDetection\03_26__walk_down_hall_angry__WBSXBL82.mp4,84dcd2e350a766eef717,C:\Users\ss\Desktop\XAI\XAI\engines\XAI-Compress\data\test\archive (1)\FaceForensics++_C23\DeepFakeDetection\03_26__walk_down_hall_angry__WBSXBL82.mp4,test
video,21.334986280515324,real,2645275,cc04fc7516807fbf54504d208596ce2f7346ae423b220dfeec52279c09185d82,1_10MiB,real:engines\XAI-Compress\data\test\archive (1)\FaceForensics++_C23\DeepFakeDetection\05_16__walk_down_hall_angry__U9WZI5LK.mp4,b46249238a82a1760029,C:\Users\ss\Desktop\XAI\XAI\engines\XAI-Compress\data\test\archive (1)\FaceForensics++_C23\DeepFakeDetection\05_16__walk_down_hall_angry__U9WZI5LK.mp4,test
video,21.362127366340065,real,2695511,408c7b8655b03b3ce3d1d403181e80edc52d648cb3ba1a247424c3609bdc6429,1_10MiB,real:engines\XAI-Compress\data\test\archive (1)\FaceForensics++_C23\DeepFakeDetection\03_14__walk_down_hall_angry__P1L5PF4I.mp4,cfa60713b94c4cf8ad0a,C:\Users\ss\Desktop\XAI\XAI\engines\XAI-Compress\data\test\archive (1)\FaceForensics++_C23\DeepFakeDetection\03_14__walk_down_hall_angry__P1L5PF4I.mp4,test
video,21.446340748208694,real,2857537,f01e4a60919decb3f1e770d293f3516b3c62049da8d36a9c3f8c5332060be9a1,1_10MiB,real:engines\XAI-Compress\data\test\archive (1)\FaceForensics++_C23\DeepFakeDetection\02_01__walking_outside_cafe_disgusted__YVGY8LOK.mp4,040d6cd1913e63d0bf50,C:\Users\ss\Desktop\XAI\XAI\engines\XAI-Compress\data\test\archive (1)\FaceForensics++_C23\DeepFakeDetection\02_01__walking_outside_cafe_disgusted__YVGY8LOK.mp4,test
video,21.530266299446975,real,3028698,e45539660fa691cb798d554cb5c32a1b53c0aeea90430ba1d1f8a759c5f2a378,1_10MiB,real:engines\XAI-Compress\data\test\archive (1)\FaceForensics++_C23\DeepFakeDetection\04_13__walking_outside_cafe_disgusted__00T3UYOR.mp4,916ee0944afa41eaebe4,C:\Users\ss\Desktop\XAI\XAI\engines\XAI-Compress\data\test\archive (1)\FaceForensics++_C23\DeepFakeDetection\04_13__walking_outside_cafe_disgusted__00T3UYOR.mp4,test
video,21.542852866049927,real,3055237,45f029b538142ab49988b4e2d7447d10a90eb3773253a6757e42a527eea87c66,1_10MiB,real:engines\XAI-Compress\data\test\archive (1)\FaceForensics++_C23\DeepFakeDetection\04_27__walking_outside_cafe_disgusted__2CCI2ND1.mp4,5fbf7e5d425ea2cedf79,C:\Users\ss\Desktop\XAI\XAI\engines\XAI-Compress\data\test\archive (1)\FaceForensics++_C23\DeepFakeDetection\04_27__walking_outside_cafe_disgusted__2CCI2ND1.mp4,test
video,21.54808153825305,real,3066330,88b8db1465ace10c9863a4e0d75507036f412b3d3d749742b35ecccbaf597cad,1_10MiB,real:engines\XAI-Compress\data\test\archive (1)\FaceForensics++_C23\DeepFakeDetection\01_12__outside_talking_pan_laughing__TNI7KUZ6.mp4,8e0163f8d08517f2bfbd,C:\Users\ss\Desktop\XAI\XAI\engines\XAI-Compress\data\test\archive (1)\FaceForensics++_C23\DeepFakeDetection\01_12__outside_talking_pan_laughing__TNI7KUZ6.mp4,test
video,21.72713771471097,real,3471524,3721e67674ed9b62636caf4c2ab00c63830fe68902248e6990cb0abd9795683c,1_10MiB,real:engines\XAI-Compress\data\test\archive (1)\FaceForensics++_C23\DeepFakeDetection\01_02__talking_against_wall__YVGY8LOK.mp4,7949ac89c2483924ee9c,C:\Users\ss\Desktop\XAI\XAI\engines\XAI-Compress\data\test\archive (1)\FaceForensics++_C23\DeepFakeDetection\01_02__talking_against_wall__YVGY8LOK.mp4,test
video,21.803777181395475,real,3660926,190e2a8be915b09b5753e7b20f3ce77286f7b5b40b74a7adfb6e0b09abd6103b,1_10MiB,real:engines\XAI-Compress\data\test\archive (1)\FaceForensics++_C23\DeepFakeDetection\02_27__walking_down_street_outside_angry__3L1MLH3D.mp4,e24ad89f350ae852f7b8,C:\Users\ss\Desktop\XAI\XAI\engines\XAI-Compress\data\test\archive (1)\FaceForensics++_C23\DeepFakeDetection\02_27__walking_down_street_outside_angry__3L1MLH3D.mp4,test
video,21.91475847404104,real,3953663,0acfa05686c2034d3347833b66c1c52b5812523dd08282ca7bcb35d8d27d2c50,1_10MiB,real:engines\XAI-Compress\data\test\archive (1)\FaceForensics++_C23\DeepFakeDetection\03_11__exit_phone_room__P08VGHTA.mp4,e1d9664ac99aeab9bd8f,C:\Users\ss\Desktop\XAI\XAI\engines\XAI-Compress\data\test\archive (1)\FaceForensics++_C23\DeepFakeDetection\03_11__exit_phone_room__P08VGHTA.mp4,test
video,21.963877512414456,real,4090590,9eff880322c51c3f93a98b106c6485f4d624e650925dc8aba88ce1c110da74d0,1_10MiB,real:engines\XAI-Compress\data\test\archive (1)\FaceForensics++_C23\DeepFakeDetection\06_03__talking_against_wall__4I8LRXWF.mp4,c4a941def8a08ccf229a,C:\Users\ss\Desktop\XAI\XAI\engines\XAI-Compress\data\test\archive (1)\FaceForensics++_C23\DeepFakeDetection\06_03__talking_against_wall__4I8LRXWF.mp4,test
video,22.119827369754333,real,4557551,86152c4a562d4568d38b080206917fcc1174e478d555a1993f31be75db87a7e1,1_10MiB,real:engines\XAI-Compress\data\test\archive (1)\FaceForensics++_C23\DeepFakeDetection\06_12__outside_talking_still_laughing__3K21NFNM.mp4,f87b4ba16c61fc6e0d45,C:\Users\ss\Desktop\XAI\XAI\engines\XAI-Compress\data\test\archive (1)\FaceForensics++_C23\DeepFakeDetection\06_12__outside_talking_still_laughing__3K21NFNM.mp4,test
video,22.261032630179113,real,5026186,d4c018e4e0d855fcb62c44ee0a76087c705d13022d1eb2ed5371c3e0b0a697b2,1_10MiB,real:engines\XAI-Compress\data\test\archive (1)\FaceForensics++_C23\DeepFakeDetection\01_20__outside_talking_pan_laughing__OTGHOG4Z.mp4,546ace30fb0bb2e3783b,C:\Users\ss\Desktop\XAI\XAI\engines\XAI-Compress\data\test\archive (1)\FaceForensics++_C23\DeepFakeDetection\01_20__outside_talking_pan_laughing__OTGHOG4Z.mp4,test
video,22.267711966125557,real,5049510,22f6641589bce13ccf552849df03c432363b96f3387e9e450efe713996ccee5b,1_10MiB,real:engines\XAI-Compress\data\test\archive (1)\FaceForensics++_C23\DeepFakeDetection\01_15__outside_talking_pan_laughing__02HILKYO.mp4,f34934e8101b36854b29,C:\Users\ss\Desktop\XAI\XAI\engines\XAI-Compress\data\test\archive (1)\FaceForensics++_C23\DeepFakeDetection\01_15__outside_talking_pan_laughing__02HILKYO.mp4,test
video,22.300346135991326,real,5165033,69210fc8a1568f35a02792258885a70179b235f8f93393a8b7e6e703f7f7f736,1_10MiB,real:engines\XAI-Compress\data\test\archive (1)\FaceForensics++_C23\DeepFakeDetection\03_07__talking_against_wall__PWXXULHR.mp4,d8bdce51a4d8290a41bc,C:\Users\ss\Desktop\XAI\XAI\engines\XAI-Compress\data\test\archive (1)\FaceForensics++_C23\DeepFakeDetection\03_07__talking_against_wall__PWXXULHR.mp4,test
video,22.30764136494845,real,5191217,7ed343535c7f93036da37421055ea87cad3ce3fd75cac9fd970f2080b3148cf3,1_10MiB,real:engines\XAI-Compress\data\test\archive (1)\FaceForensics++_C23\DeepFakeDetection\03_26__talking_against_wall__WBSXBL82.mp4,302a07d24b61368de502,C:\Users\ss\Desktop\XAI\XAI\engines\XAI-Compress\data\test\archive (1)\FaceForensics++_C23\DeepFakeDetection\03_26__talking_against_wall__WBSXBL82.mp4,test
video,22.335042181462022,real,5290755,3d925d4db8a962161bacebd024d7ce5f97d4d22555ab34b8898d633c0c4a5131,1_10MiB,real:engines\XAI-Compress\data\test\archive (1)\FaceForensics++_C23\DeepFakeDetection\01_02__outside_talking_still_laughing__YVGY8LOK.mp4,ea302a0aad67d6028fa2,C:\Users\ss\Desktop\XAI\XAI\engines\XAI-Compress\data\test\archive (1)\FaceForensics++_C23\DeepFakeDetection\01_02__outside_talking_still_laughing__YVGY8LOK.mp4,test
video,22.421235063834025,real,5616481,9a10f8e6288c75dd1824f213d9da72b134195b17280571a5a6bb787aa3216140,1_10MiB,real:engines\XAI-Compress\data\test\archive (1)\FaceForensics++_C23\DeepFakeDetection\03_26__kitchen_pan__WBSXBL82.mp4,64d82f0eb41570cacc9e,C:\Users\ss\Desktop\XAI\XAI\engines\XAI-Compress\data\test\archive (1)\FaceForensics++_C23\DeepFakeDetection\03_26__kitchen_pan__WBSXBL82.mp4,test
video,22.42317773339128,real,5624049,041724acacd4ab276534cc413b96f8d8fe6b618ff0b251051ffbc8bf0609ea50,1_10MiB,real:engines\XAI-Compress\data\test\archive (1)\FaceForensics++_C23\DeepFakeDetection\03_15__kitchen_pan__DNUJD8M2.mp4,1dd1e1cbeb37c92a23c9,C:\Users\ss\Desktop\XAI\XAI\engines\XAI-Compress\data\test\archive (1)\FaceForensics++_C23\DeepFakeDetection\03_15__kitchen_pan__DNUJD8M2.mp4,test
video,22.427217943559874,real,5639821,8adf420ccaf5ccbd135690408d644cda64ff5e6602bd8b230c0caec6416069de,1_10MiB,real:engines\XAI-Compress\data\test\archive (1)\FaceForensics++_C23\DeepFakeDetection\03_13__kitchen_pan__GBYWJW06.mp4,7030656a47ddcae4e881,C:\Users\ss\Desktop\XAI\XAI\engines\XAI-Compress\data\test\archive (1)\FaceForensics++_C23\DeepFakeDetection\03_13__kitchen_pan__GBYWJW06.mp4,test
video,22.441833270656105,real,5697246,9cd8988a88a104131ba32a24731ddc51d561786ac361d94bf36bf60280519606,1_10MiB,real:engines\XAI-Compress\data\test\archive (1)\FaceForensics++_C23\DeepFakeDetection\03_09__kitchen_pan__8DTEGQ54.mp4,349a429b63ba827da16d,C:\Users\ss\Desktop\XAI\XAI\engines\XAI-Compress\data\test\archive (1)\FaceForensics++_C23\DeepFakeDetection\03_09__kitchen_pan__8DTEGQ54.mp4,test
video,22.44587997746009,real,5713249,95a548a9ff65cd4074f6e757c833a332bdc3c2788a69b2ea63aa5a81003a9da9,1_10MiB,real:engines\XAI-Compress\data\test\archive (1)\FaceForensics++_C23\DeepFakeDetection\05_17__walking_down_street_outside_angry__M3H96PDQ.mp4,769bc1050e1bcf06e990,C:\Users\ss\Desktop\XAI\XAI\engines\XAI-Compress\data\test\archive (1)\FaceForensics++_C23\DeepFakeDetection\05_17__walking_down_street_outside_angry__M3H96PDQ.mp4,test
video,22.462106313471562,real,5777870,d02dd5bc148ac33cadb363dba985e7d108b280eb72b7bacc68b1660bad384cef,1_10MiB,real:engines\XAI-Compress\data\test\archive (1)\FaceForensics++_C23\DeepFakeDetection\06_07__kitchen_pan__NMGYPBXE.mp4,7e893633dd0f5d20713c,C:\Users\ss\Desktop\XAI\XAI\engines\XAI-Compress\data\test\archive (1)\FaceForensics++_C23\DeepFakeDetection\06_07__kitchen_pan__NMGYPBXE.mp4,test
video,22.528868989234027,real,6051532,9e459ab08b6e71ea64890113829db0590b4a5072db9c10bb53e6f63fa54bdc8d,1_10MiB,real:engines\XAI-Compress\data\test\archive (1)\FaceForensics++_C23\DeepFakeDetection\03_01__meeting_serious__JZUXXFRB.mp4,a2d1deaf6beae2b754df,C:\Users\ss\Desktop\XAI\XAI\engines\XAI-Compress\data\test\archive (1)\FaceForensics++_C23\DeepFakeDetection\03_01__meeting_serious__JZUXXFRB.mp4,test
video,22.641577726464806,real,6543258,b2285a7ff8589db78d264b065233b6ee31c959675944a60c0b7205880719866e,1_10MiB,real:engines\XAI-Compress\data\test\archive (1)\FaceForensics++_C23\DeepFakeDetection\02_09__kitchen_pan__9TDCEK1Q.mp4,adacdb3fb3b269d0e4ec,C:\Users\ss\Desktop\XAI\XAI\engines\XAI-Compress\data\test\archive (1)\FaceForensics++_C23\DeepFakeDetection\02_09__kitchen_pan__9TDCEK1Q.mp4,test
video,22.642744065380292,real,6548550,0894b9ec4270370ebdd75940a9ca74a5b4c452bf91385c27356f02de062f4ffa,1_10MiB,real:engines\XAI-Compress\data\test\archive (1)\FaceForensics++_C23\DeepFakeDetection\02_13__kitchen_pan__2YSYT2N3.mp4,2d972416e5ea584e6e99,C:\Users\ss\Desktop\XAI\XAI\engines\XAI-Compress\data\test\archive (1)\FaceForensics++_C23\DeepFakeDetection\02_13__kitchen_pan__2YSYT2N3.mp4,test
video,22.68121567385824,real,6725526,65380b215b6f4373f3f360b7c823bdb4b283ae945c3ce3007f15b3f62ec01852,1_10MiB,real:engines\XAI-Compress\data\test\archive (1)\FaceForensics++_C23\DeepFakeDetection\03_15__outside_talking_still_laughing__DNUJD8M2.mp4,575ac6afd2f60f8f7362,C:\Users\ss\Desktop\XAI\XAI\engines\XAI-Compress\data\test\archive (1)\FaceForensics++_C23\DeepFakeDetection\03_15__outside_talking_still_laughing__DNUJD8M2.mp4,test
video,22.89493707675775,real,7799429,5c391f644ef69f6eff522652b1aeee47a636e25509ff274f8056d670ddcb7b84,1_10MiB,real:engines\XAI-Compress\data\test\archive (1)\FaceForensics++_C23\DeepFakeDetection\02_13__podium_speech_happy__2YSYT2N3.mp4,ceb68a8868bcd038b876,C:\Users\ss\Desktop\XAI\XAI\engines\XAI-Compress\data\test\archive (1)\FaceForensics++_C23\DeepFakeDetection\02_13__podium_speech_happy__2YSYT2N3.mp4,test
video,22.942378657817592,real,8060169,f851b1536300f5a745c725ac7310bfa6a4853b85824b8ec2222e0a2b3ceda920,1_10MiB,real:engines\XAI-Compress\data\test\archive (1)\FaceForensics++_C23\DeepFakeDetection\04_01__kitchen_still__6I623VU9.mp4,3195eee4a59ac79f4da4,C:\Users\ss\Desktop\XAI\XAI\engines\XAI-Compress\data\test\archive (1)\FaceForensics++_C23\DeepFakeDetection\04_01__kitchen_still__6I623VU9.mp4,test
video,22.9985219121131,real,8380018,97bb3e08c4ac6588b1153e963596523fd911b79900b9f02d4ead3585b2a40171,1_10MiB,real:engines\XAI-Compress\data\test\archive (1)\FaceForensics++_C23\DeepFakeDetection\02_06__podium_speech_happy__SU4OQCS9.mp4,a8eee5cb651502b76851,C:\Users\ss\Desktop\XAI\XAI\engines\XAI-Compress\data\test\archive (1)\FaceForensics++_C23\DeepFakeDetection\02_06__podium_speech_happy__SU4OQCS9.mp4,test
video,23.125515475222453,real,9151111,b3f3aa4cfc9cf35b0e04824857feab315a5c8990128472e99ce73ac092ec97d0,1_10MiB,real:engines\XAI-Compress\data\test\archive (1)\FaceForensics++_C23\DeepFakeDetection\03_26__kitchen_still__WBSXBL82.mp4,65aad6920755198ffc44,C:\Users\ss\Desktop\XAI\XAI\engines\XAI-Compress\data\test\archive (1)\FaceForensics++_C23\DeepFakeDetection\03_26__kitchen_still__WBSXBL82.mp4,test
video,23.958552803928615,real,16302081,f5c816f3e95c1ea1e940c389713da2a5ec19ea30a30c19ba4f917a3e62862509,gt_10MiB,real:engines\XAI-Compress\data\test\archive (1)\FaceForensics++_C23\DeepFakeDetection\06_14__walking_and_outside_surprised__8U9ULZDT.mp4,c70842272825dd567ecc,C:\Users\ss\Desktop\XAI\XAI\engines\XAI-Compress\data\test\archive (1)\FaceForensics++_C23\DeepFakeDetection\06_14__walking_and_outside_surprised__8U9ULZDT.mp4,test
video,24.037188908093803,real,17215311,1abab2450e1ceb6353885381a5fbfcbfe84daceb98edf002548561b5b8ecbe06,gt_10MiB,real:engines\XAI-Compress\data\test\archive (1)\FaceForensics++_C23\DeepFakeDetection\02_06__talking_angry_couch__GH8TGTBS.mp4,b4d46d60eb50f24fdd68,C:\Users\ss\Desktop\XAI\XAI\engines\XAI-Compress\data\test\archive (1)\FaceForensics++_C23\DeepFakeDetection\02_06__talking_angry_couch__GH8TGTBS.mp4,test
video,24.03845888653658,real,17230472,af73c2f3bffe09399aa33170497eb13d215bd6da7f61853687d5b1945b6dca8d,gt_10MiB,real:engines\XAI-Compress\data\test\archive (1)\FaceForensics++_C23\DeepFakeDetection\02_21__talking_angry_couch__Z0XHPQAR.mp4,c63e295b1deea7522a47,C:\Users\ss\Desktop\XAI\XAI\engines\XAI-Compress\data\test\archive (1)\FaceForensics++_C23\DeepFakeDetection\02_21__talking_angry_couch__Z0XHPQAR.mp4,test
video,24.307507822649757,real,20762946,ce69d066982be0ea9f0c5f4b7bd6c3246db9378025768538e1a81431d1aa9961,gt_10MiB,real:engines\XAI-Compress\data\test\archive (1)\FaceForensics++_C23\DeepFakeDetection\02_15__walking_and_outside_surprised__MZWH8ATN.mp4,f256aca58bd68b60e728,C:\Users\ss\Desktop\XAI\XAI\engines\XAI-Compress\data\test\archive (1)\FaceForensics++_C23\DeepFakeDetection\02_15__walking_and_outside_surprised__MZWH8ATN.mp4,test
video,24.35325783260981,real,21431921,f26fc7d7f95b8e28e5d64138891c45683068ef65d4c5d215fc034a2e70e712d9,gt_10MiB,real:engines\XAI-Compress\data\test\archive (1)\FaceForensics++_C23\DeepFakeDetection\06_15__walking_down_indoor_hall_disgust__QRCD27P8.mp4,e87d288b25a817ae2dc3,C:\Users\ss\Desktop\XAI\XAI\engines\XAI-Compress\data\test\archive (1)\FaceForensics++_C23\DeepFakeDetection\06_15__walking_down_indoor_hall_disgust__QRCD27P8.mp4,test
video,24.58045306934978,real,25087286,c6e72fba611bf4cfe534721d33a00211780a9e1da47c01698976f960dda4053d,gt_10MiB,real:engines\XAI-Compress\data\test\archive (1)\FaceForensics++_C23\DeepFakeDetection\03_14__walking_down_indoor_hall_disgust__KJ221YN0.mp4,0cb4f04242bea81d03dc,C:\Users\ss\Desktop\XAI\XAI\engines\XAI-Compress\data\test\archive (1)\FaceForensics++_C23\DeepFakeDetection\03_14__walking_down_indoor_hall_disgust__KJ221YN0.mp4,test
