SHA_PASS,actual_bpb,category,compressed_bytes,compression_ms,decompression_ms,oracle_strategy,original_bytes,profile,reason,size_bucket,source,source_id,status,strategies_measured
True,8.206391990758567,archive,2664,8.316899999044836,10.121800005435944,raw|default|identity,2597,smallest,,lt_16KiB,C:\Users\ss\Desktop\XAI\XAI\apps\public_nextjs\.next\cache\webpack\client-development\2.pack.gz,86aebd2a6ca744d6ce03,PASS,27
True,8.206391990758567,archive,2664,8.316899999044836,10.121800005435944,raw|default|identity,2597,fastest,,lt_16KiB,C:\Users\ss\Desktop\XAI\XAI\apps\public_nextjs\.next\cache\webpack\client-development\2.pack.gz,86aebd2a6ca744d6ce03,PASS,27
True,8.206391990758567,archive,2664,8.316899999044836,10.121800005435944,raw|default|identity,2597,balanced,,lt_16KiB,C:\Users\ss\Desktop\XAI\XAI\apps\public_nextjs\.next\cache\webpack\client-development\2.pack.gz,86aebd2a6ca744d6ce03,PASS,27
,,archive,,,,,,smallest,exhaustive oracle bounded to files <=10 MiB,gt_10MiB,C:\Users\ss\Desktop\XAI\XAI\apps\public_nextjs\.next\cache\webpack\server-development\0.pack.gz,ab9fd50e606430ff1ad4,N/A,0
,,archive,,,,,,fastest,exhaustive oracle bounded to files <=10 MiB,gt_10MiB,C:\Users\ss\Desktop\XAI\XAI\apps\public_nextjs\.next\cache\webpack\server-development\0.pack.gz,ab9fd50e606430ff1ad4,N/A,0
,,archive,,,,,,balanced,exhaustive oracle bounded to files <=10 MiB,gt_10MiB,C:\Users\ss\Desktop\XAI\XAI\apps\public_nextjs\.next\cache\webpack\server-development\0.pack.gz,ab9fd50e606430ff1ad4,N/A,0
True,256.0,binary,64,32.48060001351405,29.055199993308634,raw|default|identity,2,smallest,,lt_16KiB,C:\Users\ss\Desktop\XAI\XAI\engines\XAI-Compress\.test-tmp\final-all\test_v3_tiny_chunks_and_empty_2\in,1d6d63467cb8c5a8f0b8,PASS,27
True,256.0,binary,64,32.48060001351405,29.055199993308634,raw|default|identity,2,fastest,,lt_16KiB,C:\Users\ss\Desktop\XAI\XAI\engines\XAI-Compress\.test-tmp\final-all\test_v3_tiny_chunks_and_empty_2\in,1d6d63467cb8c5a8f0b8,PASS,27
True,256.0,binary,64,32.48060001351405,29.055199993308634,raw|default|identity,2,balanced,,lt_16KiB,C:\Users\ss\Desktop\XAI\XAI\engines\XAI-Compress\.test-tmp\final-all\test_v3_tiny_chunks_and_empty_2\in,1d6d63467cb8c5a8f0b8,PASS,27
True,17.959183673469386,binary,110,176.8441000021994,413.87410000606906,brotli|6|identity,49,smallest,,lt_16KiB,C:\Users\ss\Desktop\XAI\XAI\apps\public_nextjs\.gitignore,5f8724e09072ab9a265f,PASS,27
True,18.122448979591837,binary,111,33.845099998870865,123.69429999671411,brotli|6|dictionary,49,fastest,,lt_16KiB,C:\Users\ss\Desktop\XAI\XAI\apps\public_nextjs\.gitignore,5f8724e09072ab9a265f,PASS,27
True,18.122448979591837,binary,111,33.845099998870865,123.69429999671411,brotli|6|dictionary,49,balanced,,lt_16KiB,C:\Users\ss\Desktop\XAI\XAI\apps\public_nextjs\.gitignore,5f8724e09072ab9a265f,PASS,27
True,21.05263157894737,csv,100,72.1421000052942,84.752099995967,raw|default|identity,38,smallest,,lt_16KiB,C:\Users\ss\Desktop\XAI\XAI\engines\XAI-Compress\results\final_analysis\roundtrip_results.csv,e3912e357456af06dfed,PASS,27
True,21.05263157894737,csv,100,72.1421000052942,84.752099995967,raw|default|identity,38,fastest,,lt_16KiB,C:\Users\ss\Desktop\XAI\XAI\engines\XAI-Compress\results\final_analysis\roundtrip_results.csv,e3912e357456af06dfed,PASS,27
True,21.05263157894737,csv,100,72.1421000052942,84.752099995967,raw|default|identity,38,balanced,,lt_16KiB,C:\Users\ss\Desktop\XAI\XAI\engines\XAI-Compress\results\final_analysis\roundtrip_results.csv,e3912e357456af06dfed,PASS,27
True,11.733333333333333,csv,132,59.44739999540616,349.1708999936236,brotli|4|identity,90,smallest,,lt_16KiB,C:\Users\ss\Desktop\XAI\XAI\engines\XAI-Compress\results\final_analysis\final_comparison.csv,921d357da1bee764ce1d,PASS,27
True,13.511111111111111,csv,152,52.617900000768714,45.50530000415165,raw|default|identity,90,fastest,,lt_16KiB,C:\Users\ss\Desktop\XAI\XAI\engines\XAI-Compress\results\final_analysis\final_comparison.csv,921d357da1bee764ce1d,PASS,27
True,11.733333333333333,csv,132,59.44739999540616,349.1708999936236,brotli|4|identity,90,balanced,,lt_16KiB,C:\Users\ss\Desktop\XAI\XAI\engines\XAI-Compress\results\final_analysis\final_comparison.csv,921d357da1bee764ce1d,PASS,27
True,4.287118287118287,executable,12214,3277.908200005186,414.61390000768006,brotli|11|identity,22792,smallest,,16_64KiB,C:\Users\ss\Desktop\XAI\XAI\apps\admin_dotnet\bin\Debug\net8.0\Microsoft.Extensions.ObjectPool.dll,63b80d177dabc1b0609f,PASS,27
True,4.322569322569323,executable,12315,327.76660000672564,432.23890000081155,lzma2|6|identity,22792,fastest,,16_64KiB,C:\Users\ss\Desktop\XAI\XAI\apps\admin_dotnet\bin\Debug\net8.0\Microsoft.Extensions.ObjectPool.dll,63b80d177dabc1b0609f,PASS,27
True,4.322569322569323,executable,12315,327.76660000672564,432.23890000081155,lzma2|6|identity,22792,balanced,,16_64KiB,C:\Users\ss\Desktop\XAI\XAI\apps\admin_dotnet\bin\Debug\net8.0\Microsoft.Extensions.ObjectPool.dll,63b80d177dabc1b0609f,PASS,27
True,3.646798603026775,executable,15663,599.743299986585,396.72809999319725,lzma2|6|identity,34360,smallest,,16_64KiB,C:\Users\ss\Desktop\XAI\XAI\apps\admin_dotnet\bin\Debug\net8.0\Microsoft.Extensions.AmbientMetadata.Application.dll,8532a7e7c38dfc36aa1a,PASS,26
True,3.866589057043073,executable,16607,205.66130000224803,390.51489999110345,brotli|6|identity,34360,fastest,,16_64KiB,C:\Users\ss\Desktop\XAI\XAI\apps\admin_dotnet\bin\Debug\net8.0\Microsoft.Extensions.AmbientMetadata.Application.dll,8532a7e7c38dfc36aa1a,PASS,26
True,3.866589057043073,executable,16607,205.66130000224803,390.51489999110345,brotli|6|identity,34360,balanced,,16_64KiB,C:\Users\ss\Desktop\XAI\XAI\apps\admin_dotnet\bin\Debug\net8.0\Microsoft.Extensions.AmbientMetadata.Application.dll,8532a7e7c38dfc36aa1a,PASS,26
True,2.524190894130554,image,2876,192.38219999533612,102.48660000797827,brotli|11|identity,9115,smallest,,lt_16KiB,C:\Users\ss\Desktop\XAI\XAI\engines\XAI-Compress\results\hybrid_ai\figures\01_codec_bpb.png,b431de9bd8324ec90c36,PASS,26
True,2.6865606143719143,image,3061,22.002899990184233,70.05049999861512,deflate|6|identity,9115,fastest,,lt_16KiB,C:\Users\ss\Desktop\XAI\XAI\engines\XAI-Compress\results\hybrid_ai\figures\01_codec_bpb.png,b431de9bd8324ec90c36,PASS,26
True,2.6865606143719143,image,3061,22.002899990184233,70.05049999861512,deflate|6|identity,9115,balanced,,lt_16KiB,C:\Users\ss\Desktop\XAI\XAI\engines\XAI-Compress\results\hybrid_ai\figures\01_codec_bpb.png,b431de9bd8324ec90c36,PASS,26
True,3.002144388849178,image,3675,85.04160000302363,118.3413999970071,lzma2|6|identity,9793,smallest,,lt_16KiB,C:\Users\ss\Desktop\XAI\XAI\engines\XAI-Compress\results\hybrid_ai\figures\04_decompression_speed.png,801658a38cf0cafec5ef,PASS,26
True,3.0903706729296436,image,3783,29.225200007203966,48.29759999120142,zstd|6|identity,9793,fastest,,lt_16KiB,C:\Users\ss\Desktop\XAI\XAI\engines\XAI-Compress\results\hybrid_ai\figures\04_decompression_speed.png,801658a38cf0cafec5ef,PASS,26
True,3.0903706729296436,image,3783,29.225200007203966,48.29759999120142,zstd|6|identity,9793,balanced,,lt_16KiB,C:\Users\ss\Desktop\XAI\XAI\engines\XAI-Compress\results\hybrid_ai\figures\04_decompression_speed.png,801658a38cf0cafec5ef,PASS,26
True,256.0,json,64,50.65049999393523,30.616199990618043,raw|default|identity,2,smallest,,lt_16KiB,C:\Users\ss\Desktop\XAI\XAI\engines\XAI-Compress\results\benchmark_results.json,b2d26822f2e8d5499ddf,PASS,27
True,288.0,json,72,19.448999999440275,83.04199999838602,deflate|6|delta,2,fastest,,lt_16KiB,C:\Users\ss\Desktop\XAI\XAI\engines\XAI-Compress\results\benchmark_results.json,b2d26822f2e8d5499ddf,PASS,27
True,272.0,json,68,21.555700004682876,96.78249999706168,brotli|6|identity,2,balanced,,lt_16KiB,C:\Users\ss\Desktop\XAI\XAI\engines\XAI-Compress\results\benchmark_results.json,b2d26822f2e8d5499ddf,PASS,27
True,24.0,json,93,27.79569999256637,27.202600002055988,raw|default|identity,31,smallest,,lt_16KiB,C:\Users\ss\Desktop\XAI\XAI\apps\public_nextjs\.next\static\webpack\1cde06a0bb489b45.webpack.hot-update.json,215155f5831d7da605e0,PASS,27
True,24.0,json,93,27.79569999256637,27.202600002055988,raw|default|identity,31,fastest,,lt_16KiB,C:\Users\ss\Desktop\XAI\XAI\apps\public_nextjs\.next\static\webpack\1cde06a0bb489b45.webpack.hot-update.json,215155f5831d7da605e0,PASS,27
True,24.0,json,93,27.79569999256637,27.202600002055988,raw|default|identity,31,balanced,,lt_16KiB,C:\Users\ss\Desktop\XAI\XAI\apps\public_nextjs\.next\static\webpack\1cde06a0bb489b45.webpack.hot-update.json,215155f5831d7da605e0,PASS,27
True,0.7093220727957038,json,7727,94.56639998825267,106.30260000471026,bzip2|9|identity,87148,smallest,,64KiB_1MiB,C:\Users\ss\Desktop\XAI\XAI\apps\admin_dotnet\obj\project.assets.json,d27dc1d6d4717d80c545,PASS,26
True,1.0522788819020517,json,11463,45.799300001817755,63.28239999129437,lzma2|3|byte-shuffle,87148,fastest,,64KiB_1MiB,C:\Users\ss\Desktop\XAI\XAI\apps\admin_dotnet\obj\project.assets.json,d27dc1d6d4717d80c545,PASS,26
True,0.8021297103777482,json,8738,28.67050000349991,82.63849999639206,deflate|6|identity,87148,balanced,,64KiB_1MiB,C:\Users\ss\Desktop\XAI\XAI\apps\admin_dotnet\obj\project.assets.json,d27dc1d6d4717d80c545,PASS,26
True,43.42857142857143,logs,76,14.325299998745322,18.135699996491894,raw|default|identity,14,smallest,,lt_16KiB,C:\Users\ss\Desktop\XAI\XAI\engines\XAI-Compress\.test-tmp\final-all\test_package_filter_and_metada0\project\run.log,83006c8d53bccd432146,PASS,27
True,43.42857142857143,logs,76,14.325299998745322,18.135699996491894,raw|default|identity,14,fastest,,lt_16KiB,C:\Users\ss\Desktop\XAI\XAI\engines\XAI-Compress\.test-tmp\final-all\test_package_filter_and_metada0\project\run.log,83006c8d53bccd432146,PASS,27
True,43.42857142857143,logs,76,14.325299998745322,18.135699996491894,raw|default|identity,14,balanced,,lt_16KiB,C:\Users\ss\Desktop\XAI\XAI\engines\XAI-Compress\.test-tmp\final-all\test_package_filter_and_metada0\project\run.log,83006c8d53bccd432146,PASS,27
True,1.701100461483848,logs,599,162.86730000865646,135.76560000365134,brotli|11|identity,2817,smallest,,lt_16KiB,C:\Users\ss\Desktop\XAI\XAI\engines\XAI-Compress\phase_g_run.log,cd260a4c13627b0f1896,PASS,27
True,2.004969826056088,logs,706,23.868700009188615,47.0908999996027,deflate|9|identity,2817,fastest,,lt_16KiB,C:\Users\ss\Desktop\XAI\XAI\engines\XAI-Compress\phase_g_run.log,cd260a4c13627b0f1896,PASS,27
True,1.862974795882144,logs,656,65.86250000691507,82.21670000057202,brotli|6|dictionary,2817,balanced,,lt_16KiB,C:\Users\ss\Desktop\XAI\XAI\engines\XAI-Compress\phase_g_run.log,cd260a4c13627b0f1896,PASS,27
True,15.151515151515152,markdown,125,42.405899992445484,145.12159999867436,brotli|11|identity,66,smallest,,lt_16KiB,C:\Users\ss\Desktop\XAI\XAI\tools\qt_inspector\README.md,aedca929aa742fd71e9b,PASS,27
True,15.515151515151516,markdown,128,23.4348000085447,26.997100008884445,raw|default|identity,66,fastest,,lt_16KiB,C:\Users\ss\Desktop\XAI\XAI\tools\qt_inspector\README.md,aedca929aa742fd71e9b,PASS,27
True,15.515151515151516,markdown,128,23.4348000085447,26.997100008884445,raw|default|identity,66,balanced,,lt_16KiB,C:\Users\ss\Desktop\XAI\XAI\tools\qt_inspector\README.md,aedca929aa742fd71e9b,PASS,27
True,4.892857142857143,markdown,274,41.0050000064075,86.56019999762066,brotli|11|identity,448,smallest,,lt_16KiB,C:\Users\ss\Desktop\XAI\XAI\engines\XAI-Compress\reports\experiment_report.md,81a445cc02e5ab1cabd2,PASS,27
True,5.642857142857143,markdown,316,28.882899991003796,26.770199998281896,brotli|6|identity,448,fastest,,lt_16KiB,C:\Users\ss\Desktop\XAI\XAI\engines\XAI-Compress\reports\experiment_report.md,81a445cc02e5ab1cabd2,PASS,27
True,4.892857142857143,markdown,274,41.0050000064075,86.56019999762066,brotli|11|identity,448,balanced,,lt_16KiB,C:\Users\ss\Desktop\XAI\XAI\engines\XAI-Compress\reports\experiment_report.md,81a445cc02e5ab1cabd2,PASS,27
True,3.819548872180451,model,508,28.06290000444278,105.5052000010619,brotli|9|identity,1064,smallest,,lt_16KiB,C:\Users\ss\Desktop\XAI\XAI\engines\XAI-Compress\data\test\archive\results\checkpoint-140\scheduler.pt,b09d33b1dd2c5da1b94b,PASS,27
True,4.195488721804511,model,558,14.373699988937005,57.491299987304956,zstd|6|identity,1064,fastest,,lt_16KiB,C:\Users\ss\Desktop\XAI\XAI\engines\XAI-Compress\data\test\archive\results\checkpoint-140\scheduler.pt,b09d33b1dd2c5da1b94b,PASS,27
True,3.8345864661654137,model,510,25.26680000300985,74.02459999138955,brotli|6|identity,1064,balanced,,lt_16KiB,C:\Users\ss\Desktop\XAI\XAI\engines\XAI-Compress\data\test\archive\results\checkpoint-140\scheduler.pt,b09d33b1dd2c5da1b94b,PASS,27
True,6.754159228846841,model,23648,107.35120000026654,116.95019999751821,lzma2|3|byte-shuffle,28010,smallest,,16_64KiB,C:\Users\ss\Desktop\XAI\XAI\engines\XAI-Compress\.test-tmp\final-all\test_neural_rans_roundtrip0\tiny.pt,1dd8a06c1d6eba581589,PASS,26
True,7.026062120671189,model,24600,23.30210000218358,55.29160000151023,deflate|6|identity,28010,fastest,,16_64KiB,C:\Users\ss\Desktop\XAI\XAI\engines\XAI-Compress\.test-tmp\final-all\test_neural_rans_roundtrip0\tiny.pt,1dd8a06c1d6eba581589,PASS,26
True,7.026062120671189,model,24600,23.30210000218358,55.29160000151023,deflate|6|identity,28010,balanced,,16_64KiB,C:\Users\ss\Desktop\XAI\XAI\engines\XAI-Compress\.test-tmp\final-all\test_neural_rans_roundtrip0\tiny.pt,1dd8a06c1d6eba581589,PASS,26
True,9.719626168224298,source_code,130,31.788899999810383,105.41790000570472,brotli|6|identity,107,smallest,,lt_16KiB,C:\Users\ss\Desktop\XAI\XAI\apps\web_angular\SETUP_WINDOWS.bat,a208d145692f560be957,PASS,27
True,12.785046728971963,source_code,171,18.35650000430178,75.47949999570847,bzip2|9|identity,107,fastest,,lt_16KiB,C:\Users\ss\Desktop\XAI\XAI\apps\web_angular\SETUP_WINDOWS.bat,a208d145692f560be957,PASS,27
True,9.719626168224298,source_code,130,31.788899999810383,105.41790000570472,brotli|6|identity,107,balanced,,lt_16KiB,C:\Users\ss\Desktop\XAI\XAI\apps\web_angular\SETUP_WINDOWS.bat,a208d145692f560be957,PASS,27
True,10.194690265486726,source_code,144,22.944299998926,169.30080000020098,brotli|4|identity,113,smallest,,lt_16KiB,C:\Users\ss\Desktop\XAI\XAI\apps\public_nextjs\.next\server\next-font-manifest.js,79bb325c3295747efea3,PASS,27
True,12.389380530973451,source_code,175,28.23050000006333,34.462099996744655,raw|default|identity,113,fastest,,lt_16KiB,C:\Users\ss\Desktop\XAI\XAI\apps\public_nextjs\.next\server\next-font-manifest.js,79bb325c3295747efea3,PASS,27
True,10.194690265486726,source_code,144,22.944299998926,169.30080000020098,brotli|4|identity,113,balanced,,lt_16KiB,C:\Users\ss\Desktop\XAI\XAI\apps\public_nextjs\.next\server\next-font-manifest.js,79bb325c3295747efea3,PASS,27
True,2.0588756522595255,source_code,5228,305.2132000011625,90.16549999068957,brotli|11|identity,20314,smallest,,16_64KiB,C:\Users\ss\Desktop\XAI\XAI\apps\public_nextjs\.next\server\webpack-runtime.js,0ff9b372da6fcecbdc8a,PASS,26
True,2.305798956384759,source_code,5855,22.899300005519763,21.87440000125207,zstd|9|identity,20314,fastest,,16_64KiB,C:\Users\ss\Desktop\XAI\XAI\apps\public_nextjs\.next\server\webpack-runtime.js,0ff9b372da6fcecbdc8a,PASS,26
True,2.305798956384759,source_code,5855,22.899300005519763,21.87440000125207,zstd|9|identity,20314,balanced,,16_64KiB,C:\Users\ss\Desktop\XAI\XAI\apps\public_nextjs\.next\server\webpack-runtime.js,0ff9b372da6fcecbdc8a,PASS,26
True,11.345454545454546,text,156,40.82870000274852,409.0093999984674,brotli|4|identity,110,smallest,,lt_16KiB,C:\Users\ss\Desktop\XAI\XAI\engines\XAI-Compress\requirements.txt,0ebdf4283c5b6a0215ac,PASS,27
True,12.50909090909091,text,172,22.623400000156835,31.32270000060089,raw|default|identity,110,fastest,,lt_16KiB,C:\Users\ss\Desktop\XAI\XAI\engines\XAI-Compress\requirements.txt,0ebdf4283c5b6a0215ac,PASS,27
True,11.636363636363637,text,160,28.062500001396984,124.8500000074273,brotli|6|dictionary,110,balanced,,lt_16KiB,C:\Users\ss\Desktop\XAI\XAI\engines\XAI-Compress\requirements.txt,0ebdf4283c5b6a0215ac,PASS,27
True,2.923747276688453,text,671,67.15830000757705,121.92849999701139,brotli|11|identity,1836,smallest,,lt_16KiB,C:\Users\ss\Desktop\XAI\XAI\apps\desktop_flutter\windows\runner\CMakeLists.txt,4bb6ea144fbc0976bcbe,PASS,27
True,3.738562091503268,text,858,22.41390000563115,81.18059999833349,zstd|3|identity,1836,fastest,,lt_16KiB,C:\Users\ss\Desktop\XAI\XAI\apps\desktop_flutter\windows\runner\CMakeLists.txt,4bb6ea144fbc0976bcbe,PASS,27
True,2.923747276688453,text,671,67.15830000757705,121.92849999701139,brotli|11|identity,1836,balanced,,lt_16KiB,C:\Users\ss\Desktop\XAI\XAI\apps\desktop_flutter\windows\runner\CMakeLists.txt,4bb6ea144fbc0976bcbe,PASS,27
True,7.990122074201326,video,1469747,178.58109998633154,175.4872999881627,zstd|9|identity,1471564,smallest,,1_10MiB,C:\Users\ss\Desktop\XAI\XAI\engines\XAI-Compress\data\test\archive (1)\FaceForensics++_C23\DeepFakeDetection\02_09__walk_down_hall_angry__6KUOFMZW.mp4,48e21ec2f07a239cb0db,PASS,26
True,7.990122074201326,video,1469747,178.58109998633154,175.4872999881627,zstd|9|identity,1471564,fastest,,1_10MiB,C:\Users\ss\Desktop\XAI\XAI\engines\XAI-Compress\data\test\archive (1)\FaceForensics++_C23\DeepFakeDetection\02_09__walk_down_hall_angry__6KUOFMZW.mp4,48e21ec2f07a239cb0db,PASS,26
True,7.990122074201326,video,1469747,178.58109998633154,175.4872999881627,zstd|9|identity,1471564,balanced,,1_10MiB,C:\Users\ss\Desktop\XAI\XAI\engines\XAI-Compress\data\test\archive (1)\FaceForensics++_C23\DeepFakeDetection\02_09__walk_down_hall_angry__6KUOFMZW.mp4,48e21ec2f07a239cb0db,PASS,26
True,7.987266744333395,video,1563172,2111.1983000009786,1035.5756000062684,brotli|9|identity,1565664,smallest,,1_10MiB,C:\Users\ss\Desktop\XAI\XAI\engines\XAI-Compress\data\test\archive (1)\FaceForensics++_C23\DeepFakeDetection\02_18__walk_down_hall_angry__B95S4G6F.mp4,75ac8e38c89544f86012,PASS,26
True,8.000602939072495,video,1565782,263.48609999695327,438.7133999989601,zstd|1|identity,1565664,fastest,,1_10MiB,C:\Users\ss\Desktop\XAI\XAI\engines\XAI-Compress\data\test\archive (1)\FaceForensics++_C23\DeepFakeDetection\02_18__walk_down_hall_angry__B95S4G6F.mp4,75ac8e38c89544f86012,PASS,26
True,8.000602939072495,video,1565782,263.48609999695327,438.7133999989601,zstd|1|identity,1565664,balanced,,1_10MiB,C:\Users\ss\Desktop\XAI\XAI\engines\XAI-Compress\data\test\archive (1)\FaceForensics++_C23\DeepFakeDetection\02_18__walk_down_hall_angry__B95S4G6F.mp4,75ac8e38c89544f86012,PASS,26
True,17.185185185185187,binary,116,4.874800011748448,5.650899984175339,raw|default|identity,54,smallest,,lt_16KiB,C:\Users\ss\Desktop\XAI\XAI\apps\mobile_authenticator_flutter\android\.gradle\buildOutputCleanup\cache.properties,a79486349dd2e056bef1,PASS,27
True,17.185185185185187,binary,116,4.874800011748448,5.650899984175339,raw|default|identity,54,fastest,,lt_16KiB,C:\Users\ss\Desktop\XAI\XAI\apps\mobile_authenticator_flutter\android\.gradle\buildOutputCleanup\cache.properties,a79486349dd2e056bef1,PASS,27
True,17.185185185185187,binary,116,4.874800011748448,5.650899984175339,raw|default|identity,54,balanced,,lt_16KiB,C:\Users\ss\Desktop\XAI\XAI\apps\mobile_authenticator_flutter\android\.gradle\buildOutputCleanup\cache.properties,a79486349dd2e056bef1,PASS,27
True,0.5395705932241218,logs,3022,9.441799978958443,21.341799991205335,brotli|6|identity,44806,smallest,,16_64KiB,C:\Users\ss\Desktop\XAI\XAI\engines\XAI-Compress\results\model_search\imports\candidate_b_20260830-183205\watch.log,1dfa898e4b00116e4cab,PASS,26
True,0.5808150694103468,logs,3253,5.486700014444068,5.817700002808124,deflate|6|identity,44806,fastest,,16_64KiB,C:\Users\ss\Desktop\XAI\XAI\engines\XAI-Compress\results\model_search\imports\candidate_b_20260830-183205\watch.log,1dfa898e4b00116e4cab,PASS,26
True,0.5808150694103468,logs,3253,5.486700014444068,5.817700002808124,deflate|6|identity,44806,balanced,,16_64KiB,C:\Users\ss\Desktop\XAI\XAI\engines\XAI-Compress\results\model_search\imports\candidate_b_20260830-183205\watch.log,1dfa898e4b00116e4cab,PASS,26
True,6.397883597883598,model,108828,58.58599999919534,49.87349998555146,lzma2|3|byte-shuffle,136080,smallest,,64KiB_1MiB,C:\Users\ss\Desktop\XAI\XAI\engines\XAI-Compress\checkpoints\neural_lossy_v1\validation.latest.pt,bc559421f72cb439e577,PASS,26
True,6.958730158730159,model,118368,7.863000006182119,24.23029998317361,zstd|3|identity,136080,fastest,,64KiB_1MiB,C:\Users\ss\Desktop\XAI\XAI\engines\XAI-Compress\checkpoints\neural_lossy_v1\validation.latest.pt,bc559421f72cb439e577,PASS,26
True,6.637566137566138,model,112905,16.444999986561015,26.34000001125969,brotli|6|identity,136080,balanced,,64KiB_1MiB,C:\Users\ss\Desktop\XAI\XAI\engines\XAI-Compress\checkpoints\neural_lossy_v1\validation.latest.pt,bc559421f72cb439e577,PASS,26
,,archive,,,,,,smallest,exhaustive oracle bounded to files <=10 MiB,gt_10MiB,C:\Users\ss\Desktop\XAI\XAI\apps\public_nextjs\.next\cache\webpack\client-development\1.pack.gz,c00053085b900f5df548,N/A,0
,,archive,,,,,,fastest,exhaustive oracle bounded to files <=10 MiB,gt_10MiB,C:\Users\ss\Desktop\XAI\XAI\apps\public_nextjs\.next\cache\webpack\client-development\1.pack.gz,c00053085b900f5df548,N/A,0
,,archive,,,,,,balanced,exhaustive oracle bounded to files <=10 MiB,gt_10MiB,C:\Users\ss\Desktop\XAI\XAI\apps\public_nextjs\.next\cache\webpack\client-development\1.pack.gz,c00053085b900f5df548,N/A,0
True,12.0,binary,153,4.443999991053715,14.240999997127801,brotli|6|identity,102,smallest,,lt_16KiB,C:\Users\ss\Desktop\XAI\XAI\apps\public_nextjs\.next\cache\.rscinfo,40edde3ff58386c6e648,PASS,27
True,12.862745098039216,binary,164,4.7423000214621425,5.154700018465519,raw|default|identity,102,fastest,,lt_16KiB,C:\Users\ss\Desktop\XAI\XAI\apps\public_nextjs\.next\cache\.rscinfo,40edde3ff58386c6e648,PASS,27
True,12.0,binary,153,4.443999991053715,14.240999997127801,brotli|6|identity,102,balanced,,lt_16KiB,C:\Users\ss\Desktop\XAI\XAI\apps\public_nextjs\.next\cache\.rscinfo,40edde3ff58386c6e648,PASS,27
True,7.317829457364341,binary,236,6.093400006648153,20.795099990209565,brotli|6|identity,258,smallest,,lt_16KiB,C:\Users\ss\Desktop\XAI\XAI\apps\web_angular\Dockerfile,f6d8ac25d8ced35c97bb,PASS,27
True,7.9689922480620154,binary,257,3.9911000058054924,4.737499984912574,deflate|9|identity,258,fastest,,lt_16KiB,C:\Users\ss\Desktop\XAI\XAI\apps\web_angular\Dockerfile,f6d8ac25d8ced35c97bb,PASS,27
True,7.9689922480620154,binary,257,3.9911000058054924,4.737499984912574,deflate|9|identity,258,balanced,,lt_16KiB,C:\Users\ss\Desktop\XAI\XAI\apps\web_angular\Dockerfile,f6d8ac25d8ced35c97bb,PASS,27
True,3.944792973651192,binary,393,10.25870000012219,21.123699989402667,brotli|11|identity,797,smallest,,lt_16KiB,C:\Users\ss\Desktop\XAI\XAI\apps\mobile_authenticator_flutter\android\settings.gradle.kts,cc0a768c16bc4f521d5e,PASS,27
True,4.406524466750314,binary,439,5.894000001717359,5.994100007228553,deflate|6|identity,797,fastest,,lt_16KiB,C:\Users\ss\Desktop\XAI\XAI\apps\mobile_authenticator_flutter\android\settings.gradle.kts,cc0a768c16bc4f521d5e,PASS,27
True,4.406524466750314,binary,439,5.894000001717359,5.994100007228553,deflate|6|identity,797,balanced,,lt_16KiB,C:\Users\ss\Desktop\XAI\XAI\apps\mobile_authenticator_flutter\android\settings.gradle.kts,cc0a768c16bc4f521d5e,PASS,27
True,2.5832376578645238,binary,1125,13.223999994806945,12.751300004310906,brotli|11|identity,3484,smallest,,lt_16KiB,C:\Users\ss\Desktop\XAI\XAI\apps\admin_dotnet\Components\Pages\Home.razor,5cfd18ecb4615302b290,PASS,27
True,3.0470723306544203,binary,1327,5.024600017350167,5.832000024383888,deflate|6|identity,3484,fastest,,lt_16KiB,C:\Users\ss\Desktop\XAI\XAI\apps\admin_dotnet\Components\Pages\Home.razor,5cfd18ecb4615302b290,PASS,27
True,2.5832376578645238,binary,1125,13.223999994806945,12.751300004310906,brotli|11|identity,3484,balanced,,lt_16KiB,C:\Users\ss\Desktop\XAI\XAI\apps\admin_dotnet\Components\Pages\Home.razor,5cfd18ecb4615302b290,PASS,27
True,2.4627730717788676,binary,1381,18.64180000848137,19.162299984600395,brotli|11|identity,4486,smallest,,lt_16KiB,C:\Users\ss\Desktop\XAI\XAI\apps\web_angular\src\styles.scss,1364093c2cd97d6b467d,PASS,26
True,2.871154703522069,binary,1610,3.147400013403967,3.6555999831762165,deflate|6|identity,4486,fastest,,lt_16KiB,C:\Users\ss\Desktop\XAI\XAI\apps\web_angular\src\styles.scss,1364093c2cd97d6b467d,PASS,26
True,2.871154703522069,binary,1610,3.147400013403967,3.6555999831762165,deflate|6|identity,4486,balanced,,lt_16KiB,C:\Users\ss\Desktop\XAI\XAI\apps\web_angular\src\styles.scss,1364093c2cd97d6b467d,PASS,26
True,0.7266694317710494,binary,1095,5.003899976145476,14.84420002088882,brotli|9|identity,12055,smallest,,lt_16KiB,C:\Users\ss\Desktop\XAI\XAI\apps\desktop_flutter\.flutter-plugins-dependencies,fb876718379f313755bf,PASS,26
True,0.770468685192866,binary,1161,3.671999991638586,4.502299998421222,deflate|6|identity,12055,fastest,,lt_16KiB,C:\Users\ss\Desktop\XAI\XAI\apps\desktop_flutter\.flutter-plugins-dependencies,fb876718379f313755bf,PASS,26
True,0.770468685192866,binary,1161,3.671999991638586,4.502299998421222,deflate|6|identity,12055,balanced,,lt_16KiB,C:\Users\ss\Desktop\XAI\XAI\apps\desktop_flutter\.flutter-plugins-dependencies,fb876718379f313755bf,PASS,26
True,1.6118118540392323,binary,4776,76.3124999939464,16.596100002061576,brotli|11|identity,23705,smallest,,16_64KiB,C:\Users\ss\Desktop\XAI\XAI\apps\desktop_flutter\pubspec.lock,665359906b3619ac985e,PASS,26
True,1.8254376713773466,binary,5409,4.987400025129318,4.733000008855015,zstd|9|identity,23705,fastest,,16_64KiB,C:\Users\ss\Desktop\XAI\XAI\apps\desktop_flutter\pubspec.lock,665359906b3619ac985e,PASS,26
True,1.8254376713773466,binary,5409,4.987400025129318,4.733000008855015,zstd|9|identity,23705,balanced,,16_64KiB,C:\Users\ss\Desktop\XAI\XAI\apps\desktop_flutter\pubspec.lock,665359906b3619ac985e,PASS,26
True,6.864686468646864,csv,260,8.096499979728833,20.39570000488311,brotli|11|identity,303,smallest,,lt_16KiB,C:\Users\ss\Desktop\XAI\XAI\engines\XAI-Compress\results\final_project\lossless_bpb_breakdown.csv,39a02de3ede36018b3fe,PASS,27
True,7.524752475247524,csv,285,5.11900000856258,4.437700001290068,deflate|9|identity,303,fastest,,lt_16KiB,C:\Users\ss\Desktop\XAI\XAI\engines\XAI-Compress\results\final_project\lossless_bpb_breakdown.csv,39a02de3ede36018b3fe,PASS,27
True,7.524752475247524,csv,285,5.11900000856258,4.437700001290068,deflate|9|identity,303,balanced,,lt_16KiB,C:\Users\ss\Desktop\XAI\XAI\engines\XAI-Compress\results\final_project\lossless_bpb_breakdown.csv,39a02de3ede36018b3fe,PASS,27
True,5.08029197080292,csv,348,7.792499993229285,15.302800020435825,brotli|11|identity,548,smallest,,lt_16KiB,C:\Users\ss\Desktop\XAI\XAI\engines\XAI-Compress\results\hybrid_ai\final_decision_table.csv,13de65abccd316cc7ad0,PASS,27
True,5.416058394160584,csv,371,4.522800008999184,5.378100002417341,brotli|4|identity,548,fastest,,lt_16KiB,C:\Users\ss\Desktop\XAI\XAI\engines\XAI-Compress\results\hybrid_ai\final_decision_table.csv,13de65abccd316cc7ad0,PASS,27
True,5.153284671532846,csv,353,4.333000018959865,14.806299994233996,brotli|6|identity,548,balanced,,lt_16KiB,C:\Users\ss\Desktop\XAI\XAI\engines\XAI-Compress\results\hybrid_ai\final_decision_table.csv,13de65abccd316cc7ad0,PASS,27
True,3.9452054794520546,csv,396,6.795399996917695,16.609199985396117,brotli|11|identity,803,smallest,,lt_16KiB,C:\Users\ss\Desktop\XAI\XAI\engines\XAI-Compress\results\model_search\leaderboard.csv,7da935a5c5745da0fc47,PASS,27
True,4.493150684931507,csv,451,4.508599988184869,4.793100000824779,deflate|9|identity,803,fastest,,lt_16KiB,C:\Users\ss\Desktop\XAI\XAI\engines\XAI-Compress\results\model_search\leaderboard.csv,7da935a5c5745da0fc47,PASS,27
True,3.9452054794520546,csv,396,6.795399996917695,16.609199985396117,brotli|11|identity,803,balanced,,lt_16KiB,C:\Users\ss\Desktop\XAI\XAI\engines\XAI-Compress\results\model_search\leaderboard.csv,7da935a5c5745da0fc47,PASS,27
True,3.5612903225806454,csv,414,9.69120001536794,10.741899983258918,brotli|11|identity,930,smallest,,lt_16KiB,C:\Users\ss\Desktop\XAI\XAI\engines\XAI-Compress\results\final_project\lossy_benchmark.csv,5dc21384a6a2b295ec5d,PASS,27
True,4.2494623655913975,csv,494,4.040600004373118,4.462800017790869,deflate|6|identity,930,fastest,,lt_16KiB,C:\Users\ss\Desktop\XAI\XAI\engines\XAI-Compress\results\final_project\lossy_benchmark.csv,5dc21384a6a2b295ec5d,PASS,27
True,3.5612903225806454,csv,414,9.69120001536794,10.741899983258918,brotli|11|identity,930,balanced,,lt_16KiB,C:\Users\ss\Desktop\XAI\XAI\engines\XAI-Compress\results\final_project\lossy_benchmark.csv,5dc21384a6a2b295ec5d,PASS,27
True,4.154649947753396,csv,497,9.403499978361651,12.461000005714595,brotli|11|identity,957,smallest,,lt_16KiB,C:\Users\ss\Desktop\XAI\XAI\engines\XAI-Compress\results\model_v2\lossless_bpb_breakdown.csv,ef3edbf6186277f5ef97,PASS,27
True,4.714733542319749,csv,564,3.757800004677847,3.645899996627122,deflate|6|identity,957,fastest,,lt_16KiB,C:\Users\ss\Desktop\XAI\XAI\engines\XAI-Compress\results\model_v2\lossless_bpb_breakdown.csv,ef3edbf6186277f5ef97,PASS,27
True,4.154649947753396,csv,497,9.403499978361651,12.461000005714595,brotli|11|identity,957,balanced,,lt_16KiB,C:\Users\ss\Desktop\XAI\XAI\engines\XAI-Compress\results\model_v2\lossless_bpb_breakdown.csv,ef3edbf6186277f5ef97,PASS,27
True,3.0101419878296145,csv,371,7.43920000968501,12.304500007303432,brotli|11|identity,986,smallest,,lt_16KiB,C:\Users\ss\Desktop\XAI\XAI\engines\XAI-Compress\results\model_v2\kaggle_lossless_v2_progress.csv,0e4427f0e7b0f0da7ba0,PASS,27
True,3.391480730223124,csv,418,4.892700002528727,4.763100005220622,deflate|9|identity,986,fastest,,lt_16KiB,C:\Users\ss\Desktop\XAI\XAI\engines\XAI-Compress\results\model_v2\kaggle_lossless_v2_progress.csv,0e4427f0e7b0f0da7ba0,PASS,27
True,3.0101419878296145,csv,371,7.43920000968501,12.304500007303432,brotli|11|identity,986,balanced,,lt_16KiB,C:\Users\ss\Desktop\XAI\XAI\engines\XAI-Compress\results\model_v2\kaggle_lossless_v2_progress.csv,0e4427f0e7b0f0da7ba0,PASS,27
True,3.3072289156626504,csv,549,12.873300001956522,27.939199993852526,brotli|11|identity,1328,smallest,,lt_16KiB,C:\Users\ss\Desktop\XAI\XAI\engines\XAI-Compress\results\model_v2\lossless_benchmark.csv,b2aeaaf4897e7310def1,PASS,27
True,3.7349397590361444,csv,620,6.07170001603663,6.919199979165569,deflate|6|identity,1328,fastest,,lt_16KiB,C:\Users\ss\Desktop\XAI\XAI\engines\XAI-Compress\results\model_v2\lossless_benchmark.csv,b2aeaaf4897e7310def1,PASS,27
True,3.7349397590361444,csv,620,6.07170001603663,6.919199979165569,deflate|6|identity,1328,balanced,,lt_16KiB,C:\Users\ss\Desktop\XAI\XAI\engines\XAI-Compress\results\model_v2\lossless_benchmark.csv,b2aeaaf4897e7310def1,PASS,27
True,2.3121897407611693,csv,524,7.9206000082194805,16.456899989861995,brotli|11|identity,1813,smallest,,lt_16KiB,C:\Users\ss\Desktop\XAI\XAI\engines\XAI-Compress\phase_j_results.csv,908ba22d7f9287d17ced,PASS,27
True,2.735797021511307,csv,620,3.183499997248873,11.97880000108853,zstd|6|identity,1813,fastest,,lt_16KiB,C:\Users\ss\Desktop\XAI\XAI\engines\XAI-Compress\phase_j_results.csv,908ba22d7f9287d17ced,PASS,27
True,2.3121897407611693,csv,524,7.9206000082194805,16.456899989861995,brotli|11|identity,1813,balanced,,lt_16KiB,C:\Users\ss\Desktop\XAI\XAI\engines\XAI-Compress\phase_j_results.csv,908ba22d7f9287d17ced,PASS,27
True,2.723764705882353,csv,1447,19.224899995606393,17.03380001708865,brotli|11|identity,4250,smallest,,lt_16KiB,C:\Users\ss\Desktop\XAI\XAI\engines\XAI-Compress\results\final_project\lossless_benchmark.csv,b26de929ad20b7ac9288,PASS,26
True,3.117176470588235,csv,1656,3.348700003698468,4.381300008390099,zstd|6|identity,4250,fastest,,lt_16KiB,C:\Users\ss\Desktop\XAI\XAI\engines\XAI-Compress\results\final_project\lossless_benchmark.csv,b26de929ad20b7ac9288,PASS,26
True,3.117176470588235,csv,1656,3.348700003698468,4.381300008390099,zstd|6|identity,4250,balanced,,lt_16KiB,C:\Users\ss\Desktop\XAI\XAI\engines\XAI-Compress\results\final_project\lossless_benchmark.csv,b26de929ad20b7ac9288,PASS,26
True,1.4294398610508032,csv,823,16.418599989265203,9.581199992680922,brotli|11|identity,4606,smallest,,lt_16KiB,C:\Users\ss\Desktop\XAI\XAI\engines\XAI-Compress\results\hybrid_ai\selector_feature_importance.csv,20cb03e2c284978c7f64,PASS,26
True,1.6743378202344767,csv,964,4.820999980438501,7.32220002100803,deflate|6|identity,4606,fastest,,lt_16KiB,C:\Users\ss\Desktop\XAI\XAI\engines\XAI-Compress\results\hybrid_ai\selector_feature_importance.csv,20cb03e2c284978c7f64,PASS,26
True,1.6743378202344767,csv,964,4.820999980438501,7.32220002100803,deflate|6|identity,4606,balanced,,lt_16KiB,C:\Users\ss\Desktop\XAI\XAI\engines\XAI-Compress\results\hybrid_ai\selector_feature_importance.csv,20cb03e2c284978c7f64,PASS,26
True,1.7859292162200888,csv,1558,21.4523000176996,14.772200025618076,brotli|11|identity,6979,smallest,,lt_16KiB,C:\Users\ss\Desktop\XAI\XAI\engines\XAI-Compress\results\model_search\imports\auto\residual-scale-depth-3c28504154\v1\results\model_search\residual_scale_depth\short_screen.metrics.csv,fd92d55f5169a15f74dc,PASS,26
True,2.094282848545637,csv,1827,4.6756000083405524,5.84940001135692,zstd|1|identity,6979,fastest,,lt_16KiB,C:\Users\ss\Desktop\XAI\XAI\engines\XAI-Compress\results\model_search\imports\auto\residual-scale-depth-3c28504154\v1\results\model_search\residual_scale_depth\short_screen.metrics.csv,fd92d55f5169a15f74dc,PASS,26
True,2.094282848545637,csv,1827,4.6756000083405524,5.84940001135692,zstd|1|identity,6979,balanced,,lt_16KiB,C:\Users\ss\Desktop\XAI\XAI\engines\XAI-Compress\results\model_search\imports\auto\residual-scale-depth-3c28504154\v1\results\model_search\residual_scale_depth\short_screen.metrics.csv,fd92d55f5169a15f74dc,PASS,26
True,1.2855107745018484,csv,8911,13.334199989913031,22.98249999876134,bzip2|9|identity,55455,smallest,,16_64KiB,C:\Users\ss\Desktop\XAI\XAI\engines\XAI-Compress\data\domain_focused\archive (1)\FaceForensics++_C23\csv\FaceShifter.csv,16a980a0d416c9105d7a,PASS,26
True,1.7884050130736633,csv,12397,4.303100024117157,13.167700002668425,brotli|4|identity,55455,fastest,,16_64KiB,C:\Users\ss\Desktop\XAI\XAI\engines\XAI-Compress\data\domain_focused\archive (1)\FaceForensics++_C23\csv\FaceShifter.csv,16a980a0d416c9105d7a,PASS,26
True,1.6103868001081958,csv,11163,6.463500001700595,13.845799985574558,brotli|6|identity,55455,balanced,,16_64KiB,C:\Users\ss\Desktop\XAI\XAI\engines\XAI-Compress\data\domain_focused\archive (1)\FaceForensics++_C23\csv\FaceShifter.csv,16a980a0d416c9105d7a,PASS,26
True,1.165620027035814,csv,8515,7.571399997686967,18.96180000039749,bzip2|1|identity,58441,smallest,,16_64KiB,C:\Users\ss\Desktop\XAI\XAI\engines\XAI-Compress\data\domain_focused\archive (1)\FaceForensics++_C23\csv\NeuralTextures.csv,6e96649c37ae12817da8,PASS,26
True,1.869372529559727,csv,13656,4.66850001248531,15.661900019040331,zstd|3|byte-shuffle,58441,fastest,,16_64KiB,C:\Users\ss\Desktop\XAI\XAI\engines\XAI-Compress\data\domain_focused\archive (1)\FaceForensics++_C23\csv\NeuralTextures.csv,6e96649c37ae12817da8,PASS,26
True,1.165620027035814,csv,8515,7.571399997686967,18.96180000039749,bzip2|1|identity,58441,balanced,,16_64KiB,C:\Users\ss\Desktop\XAI\XAI\engines\XAI-Compress\data\domain_focused\archive (1)\FaceForensics++_C23\csv\NeuralTextures.csv,6e96649c37ae12817da8,PASS,26
True,0.5169352863986538,csv,51458,125.30750001315027,66.44480000250041,bzip2|9|identity,796355,smallest,,64KiB_1MiB,C:\Users\ss\Desktop\XAI\XAI\engines\XAI-Compress\phase_h_dataset_report.csv,90bb57d94e3fa72035ad,PASS,26
True,0.7421112443571021,csv,73873,20.948100020177662,25.224700017133728,deflate|6|identity,796355,fastest,,64KiB_1MiB,C:\Users\ss\Desktop\XAI\XAI\engines\XAI-Compress\phase_h_dataset_report.csv,90bb57d94e3fa72035ad,PASS,26
True,0.5911433971030507,csv,58845,36.47859999909997,26.915499998722225,zstd|9|identity,796355,balanced,,64KiB_1MiB,C:\Users\ss\Desktop\XAI\XAI\engines\XAI-Compress\phase_h_dataset_report.csv,90bb57d94e3fa72035ad,PASS,26
True,12.240963855421686,json,127,6.709499983116984,27.703600004315376,deflate|9|identity,83,smallest,,lt_16KiB,C:\Users\ss\Desktop\XAI\XAI\apps\public_nextjs\.next\server\middleware-manifest.json,e43e7849d7ac7eee3e69,PASS,27
True,12.53012048192771,json,130,5.506799992872402,17.49019999988377,brotli|6|dictionary,83,fastest,,lt_16KiB,C:\Users\ss\Desktop\XAI\XAI\apps\public_nextjs\.next\server\middleware-manifest.json,e43e7849d7ac7eee3e69,PASS,27
True,12.53012048192771,json,130,5.506799992872402,17.49019999988377,brotli|6|dictionary,83,balanced,,lt_16KiB,C:\Users\ss\Desktop\XAI\XAI\apps\public_nextjs\.next\server\middleware-manifest.json,e43e7849d7ac7eee3e69,PASS,27
True,4.8076923076923075,json,250,11.951399996178225,22.837099997559562,brotli|11|identity,416,smallest,,lt_16KiB,C:\Users\ss\Desktop\XAI\XAI\apps\admin_dotnet\bin\Debug\net8.0\AdminDotNet.runtimeconfig.json,719549724763a3953a3a,PASS,27
True,5.423076923076923,json,282,7.314899994526058,8.407799992710352,deflate|9|identity,416,fastest,,lt_16KiB,C:\Users\ss\Desktop\XAI\XAI\apps\admin_dotnet\bin\Debug\net8.0\AdminDotNet.runtimeconfig.json,719549724763a3953a3a,PASS,27
True,4.8076923076923075,json,250,11.951399996178225,22.837099997559562,brotli|11|identity,416,balanced,,lt_16KiB,C:\Users\ss\Desktop\XAI\XAI\apps\admin_dotnet\bin\Debug\net8.0\AdminDotNet.runtimeconfig.json,719549724763a3953a3a,PASS,27
True,3.728925619834711,json,282,11.274300020886585,41.245799977332354,brotli|11|identity,605,smallest,,lt_16KiB,C:\Users\ss\Desktop\XAI\XAI\apps\web_angular\package.after-audit-force.json,a5121d3f04b140dd77b4,PASS,27
True,4.178512396694215,json,316,6.380499980878085,6.562599999597296,deflate|9|identity,605,fastest,,lt_16KiB,C:\Users\ss\Desktop\XAI\XAI\apps\web_angular\package.after-audit-force.json,a5121d3f04b140dd77b4,PASS,27
True,3.834710743801653,json,290,6.843400013167411,15.975599992088974,brotli|6|identity,605,balanced,,lt_16KiB,C:\Users\ss\Desktop\XAI\XAI\apps\web_angular\package.after-audit-force.json,a5121d3f04b140dd77b4,PASS,27
True,3.7075180226570548,json,450,24.016000010306016,38.94080000463873,brotli|11|identity,971,smallest,,lt_16KiB,C:\Users\ss\Desktop\XAI\XAI\engines\XAI-Compress\results\hybrid_ai\baseline_integrity.json,4416f13ac2189fe77572,PASS,27
True,4.045314109165808,json,491,6.477099988842383,9.421900002053007,deflate|9|identity,971,fastest,,lt_16KiB,C:\Users\ss\Desktop\XAI\XAI\engines\XAI-Compress\results\hybrid_ai\baseline_integrity.json,4416f13ac2189fe77572,PASS,27
True,4.045314109165808,json,491,6.477099988842383,9.421900002053007,deflate|9|identity,971,balanced,,lt_16KiB,C:\Users\ss\Desktop\XAI\XAI\engines\XAI-Compress\results\hybrid_ai\baseline_integrity.json,4416f13ac2189fe77572,PASS,27
True,3.410731707317073,json,437,13.554800010751933,33.04249999928288,brotli|11|identity,1025,smallest,,lt_16KiB,C:\Users\ss\Desktop\XAI\XAI\engines\XAI-Compress\checkpoints\kaggle\best.summary.json,0b56a8336d926b137c46,PASS,27
True,3.9258536585365853,json,503,6.420099991373718,7.08949999534525,deflate|6|identity,1025,fastest,,lt_16KiB,C:\Users\ss\Desktop\XAI\XAI\engines\XAI-Compress\checkpoints\kaggle\best.summary.json,0b56a8336d926b137c46,PASS,27
True,3.9258536585365853,json,503,6.420099991373718,7.08949999534525,deflate|6|identity,1025,balanced,,lt_16KiB,C:\Users\ss\Desktop\XAI\XAI\engines\XAI-Compress\checkpoints\kaggle\best.summary.json,0b56a8336d926b137c46,PASS,27
True,6.066914498141264,json,1224,13.936500006821007,26.682900002924725,brotli|11|identity,1614,smallest,,lt_16KiB,C:\Users\ss\Desktop\XAI\XAI\apps\admin_dotnet\obj\Debug\net8.0\rjsmcshtml.dswa.cache.json,d3bde520fa745484d111,PASS,27
True,6.200743494423792,json,1251,5.297299998346716,6.738700001733378,deflate|6|identity,1614,fastest,,lt_16KiB,C:\Users\ss\Desktop\XAI\XAI\apps\admin_dotnet\obj\Debug\net8.0\rjsmcshtml.dswa.cache.json,d3bde520fa745484d111,PASS,27
True,6.066914498141264,json,1224,13.936500006821007,26.682900002924725,brotli|11|identity,1614,balanced,,lt_16KiB,C:\Users\ss\Desktop\XAI\XAI\apps\admin_dotnet\obj\Debug\net8.0\rjsmcshtml.dswa.cache.json,d3bde520fa745484d111,PASS,27
True,3.2482598607888633,json,700,15.382199984742329,22.11150000221096,brotli|11|identity,1724,smallest,,lt_16KiB,C:\Users\ss\Desktop\XAI\XAI\engines\XAI-Compress\notebooks\06_model_architecture.ipynb,2aaa61682ef5b2eeabcd,PASS,27
True,3.902552204176334,json,841,6.590700009837747,6.7439999838825315,deflate|6|identity,1724,fastest,,lt_16KiB,C:\Users\ss\Desktop\XAI\XAI\engines\XAI-Compress\notebooks\06_model_architecture.ipynb,2aaa61682ef5b2eeabcd,PASS,27
True,3.2482598607888633,json,700,15.382199984742329,22.11150000221096,brotli|11|identity,1724,balanced,,lt_16KiB,C:\Users\ss\Desktop\XAI\XAI\engines\XAI-Compress\notebooks\06_model_architecture.ipynb,2aaa61682ef5b2eeabcd,PASS,27
True,1.7474140004811163,json,908,52.30370000936091,53.63740000757389,brotli|11|identity,4157,smallest,,lt_16KiB,C:\Users\ss\Desktop\XAI\XAI\apps\admin_dotnet\obj\Debug\net8.0\staticwebassets.build.json,5b2a797175be2fc16d7c,PASS,26
True,1.9417849410632668,json,1009,8.856800006469712,7.411700004013255,deflate|6|identity,4157,fastest,,lt_16KiB,C:\Users\ss\Desktop\XAI\XAI\apps\admin_dotnet\obj\Debug\net8.0\staticwebassets.build.json,5b2a797175be2fc16d7c,PASS,26
True,1.9417849410632668,json,1009,8.856800006469712,7.411700004013255,deflate|6|identity,4157,balanced,,lt_16KiB,C:\Users\ss\Desktop\XAI\XAI\apps\admin_dotnet\obj\Debug\net8.0\staticwebassets.build.json,5b2a797175be2fc16d7c,PASS,26
True,0.8834193072955048,json,2997,137.34519999707118,22.892900014994666,brotli|11|identity,27140,smallest,,16_64KiB,C:\Users\ss\Desktop\XAI\XAI\engines\XAI-Compress\results\final\lossless_benchmark.json,1f2e48d06ee45b484a60,PASS,26
True,1.1071481208548268,json,3756,5.3385000210255384,5.443900008685887,zstd|6|identity,27140,fastest,,16_64KiB,C:\Users\ss\Desktop\XAI\XAI\engines\XAI-Compress\results\final\lossless_benchmark.json,1f2e48d06ee45b484a60,PASS,26
True,1.1071481208548268,json,3756,5.3385000210255384,5.443900008685887,zstd|6|identity,27140,balanced,,16_64KiB,C:\Users\ss\Desktop\XAI\XAI\engines\XAI-Compress\results\final\lossless_benchmark.json,1f2e48d06ee45b484a60,PASS,26
True,4.676716917922948,markdown,349,7.788599992636591,17.36749999690801,brotli|11|identity,597,smallest,,lt_16KiB,C:\Users\ss\Desktop\XAI\XAI\apps\public_nextjs\docs\INTEGRATION.md,2b5091e58cb6922ad60d,PASS,27
True,5.855946398659967,markdown,437,6.010599987348542,6.084300024667755,deflate|6|identity,597,fastest,,lt_16KiB,C:\Users\ss\Desktop\XAI\XAI\apps\public_nextjs\docs\INTEGRATION.md,2b5091e58cb6922ad60d,PASS,27
True,4.676716917922948,markdown,349,7.788599992636591,17.36749999690801,brotli|11|identity,597,balanced,,lt_16KiB,C:\Users\ss\Desktop\XAI\XAI\apps\public_nextjs\docs\INTEGRATION.md,2b5091e58cb6922ad60d,PASS,27
True,4.244665718349929,markdown,373,11.633699992671609,25.47940000658855,brotli|11|identity,703,smallest,,lt_16KiB,C:\Users\ss\Desktop\XAI\XAI\apps\mobile_authenticator_flutter\docs\PRODUCTION_CHECKLIST.md,8028fd8746ec7555a569,PASS,27
True,5.075391180654338,markdown,446,6.095599994296208,7.561799982795492,deflate|6|identity,703,fastest,,lt_16KiB,C:\Users\ss\Desktop\XAI\XAI\apps\mobile_authenticator_flutter\docs\PRODUCTION_CHECKLIST.md,8028fd8746ec7555a569,PASS,27
True,4.244665718349929,markdown,373,11.633699992671609,25.47940000658855,brotli|11|identity,703,balanced,,lt_16KiB,C:\Users\ss\Desktop\XAI\XAI\apps\mobile_authenticator_flutter\docs\PRODUCTION_CHECKLIST.md,8028fd8746ec7555a569,PASS,27
True,4.261072261072261,markdown,457,60.36309999763034,26.046199986012653,brotli|11|identity,858,smallest,,lt_16KiB,C:\Users\ss\Desktop\XAI\XAI\apps\mobile_authenticator_flutter\docs\INTEGRATION.md,1cff286a0579303a0e2e,PASS,27
True,5.296037296037296,markdown,568,5.541399994399399,6.159999989904463,deflate|6|identity,858,fastest,,lt_16KiB,C:\Users\ss\Desktop\XAI\XAI\apps\mobile_authenticator_flutter\docs\INTEGRATION.md,1cff286a0579303a0e2e,PASS,27
True,4.951048951048951,markdown,531,6.973800016567111,30.062599980738014,brotli|6|identity,858,balanced,,lt_16KiB,C:\Users\ss\Desktop\XAI\XAI\apps\mobile_authenticator_flutter\docs\INTEGRATION.md,1cff286a0579303a0e2e,PASS,27
True,3.79539641943734,markdown,742,13.4159000008367,32.06639998825267,brotli|11|identity,1564,smallest,,lt_16KiB,C:\Users\ss\Desktop\XAI\XAI\apps\desktop_flutter\README.md,f8acbe64385c0bc28390,PASS,27
True,4.603580562659847,markdown,900,6.4894999959506094,7.692200015299022,deflate|6|identity,1564,fastest,,lt_16KiB,C:\Users\ss\Desktop\XAI\XAI\apps\desktop_flutter\README.md,f8acbe64385c0bc28390,PASS,27
True,3.79539641943734,markdown,742,13.4159000008367,32.06639998825267,brotli|11|identity,1564,balanced,,lt_16KiB,C:\Users\ss\Desktop\XAI\XAI\apps\desktop_flutter\README.md,f8acbe64385c0bc28390,PASS,27
True,3.91796875,markdown,1003,16.646099975332618,39.25679999520071,brotli|11|identity,2048,smallest,,lt_16KiB,C:\Users\ss\Desktop\XAI\XAI\engines\XAI-Compress\results\final_project\audit.md,c9bfc414215801365a64,PASS,27
True,4.82421875,markdown,1235,6.636300007812679,10.665400011930615,deflate|6|identity,2048,fastest,,lt_16KiB,C:\Users\ss\Desktop\XAI\XAI\engines\XAI-Compress\results\final_project\audit.md,c9bfc414215801365a64,PASS,27
True,3.91796875,markdown,1003,16.646099975332618,39.25679999520071,brotli|11|identity,2048,balanced,,lt_16KiB,C:\Users\ss\Desktop\XAI\XAI\engines\XAI-Compress\results\final_project\audit.md,c9bfc414215801365a64,PASS,27
True,3.38106731027085,markdown,1576,29.09409999847412,24.76040000328794,brotli|11|identity,3729,smallest,,lt_16KiB,C:\Users\ss\Desktop\XAI\XAI\engines\XAI-Compress\results\model_v2\lossless_v2_preflight.md,efd24e78ff6d0f481461,PASS,27
True,4.142665593993027,markdown,1931,5.025199992815033,6.2747999909333885,deflate|6|identity,3729,fastest,,lt_16KiB,C:\Users\ss\Desktop\XAI\XAI\engines\XAI-Compress\results\model_v2\lossless_v2_preflight.md,efd24e78ff6d0f481461,PASS,27
True,3.38106731027085,markdown,1576,29.09409999847412,24.76040000328794,brotli|11|identity,3729,balanced,,lt_16KiB,C:\Users\ss\Desktop\XAI\XAI\engines\XAI-Compress\results\model_v2\lossless_v2_preflight.md,efd24e78ff6d0f481461,PASS,27
True,2.9864139020537124,markdown,2363,35.55950001464225,18.712400022195652,brotli|11|identity,6330,smallest,,lt_16KiB,C:\Users\ss\Desktop\XAI\XAI\engines\XAI-Compress\results\model_search\imports\auto\lr-0-0002-f316e33308\v1\XAI-Compress\scripts\kaggle\README.md,8a329048e6e90bc5e436,PASS,26
True,3.6107424960505528,markdown,2857,5.264799983706325,6.158000003779307,deflate|6|identity,6330,fastest,,lt_16KiB,C:\Users\ss\Desktop\XAI\XAI\engines\XAI-Compress\results\model_search\imports\auto\lr-0-0002-f316e33308\v1\XAI-Compress\scripts\kaggle\README.md,8a329048e6e90bc5e436,PASS,26
True,3.6107424960505528,markdown,2857,5.264799983706325,6.158000003779307,deflate|6|identity,6330,balanced,,lt_16KiB,C:\Users\ss\Desktop\XAI\XAI\engines\XAI-Compress\results\model_search\imports\auto\lr-0-0002-f316e33308\v1\XAI-Compress\scripts\kaggle\README.md,8a329048e6e90bc5e436,PASS,26
True,6.900737457511533,model,1291448,789.3677999963984,217.68309999606572,lzma2|3|byte-shuffle,1497171,smallest,,1_10MiB,C:\Users\ss\Desktop\XAI\XAI\engines\XAI-Compress\checkpoints\gru_smoke.pt,46873d3cf1d109fce5fb,PASS,26
True,7.117642540498046,model,1332041,23.039699997752905,37.43130000657402,zstd|3|byte-shuffle,1497171,fastest,,1_10MiB,C:\Users\ss\Desktop\XAI\XAI\engines\XAI-Compress\checkpoints\gru_smoke.pt,46873d3cf1d109fce5fb,PASS,26
True,7.117642540498046,model,1332041,23.039699997752905,37.43130000657402,zstd|3|byte-shuffle,1497171,balanced,,1_10MiB,C:\Users\ss\Desktop\XAI\XAI\engines\XAI-Compress\checkpoints\gru_smoke.pt,46873d3cf1d109fce5fb,PASS,26
True,6.737245857019511,model,1261156,600.9595999785233,119.08100001164712,lzma2|3|byte-shuffle,1497533,smallest,,1_10MiB,C:\Users\ss\Desktop\XAI\XAI\engines\XAI-Compress\checkpoints\phase_j_v1_256.pt,1a26220d1e9b364d612d,PASS,26
True,6.949808785515912,model,1300946,23.76490001915954,33.5551000025589,zstd|3|byte-shuffle,1497533,fastest,,1_10MiB,C:\Users\ss\Desktop\XAI\XAI\engines\XAI-Compress\checkpoints\phase_j_v1_256.pt,1a26220d1e9b364d612d,PASS,26
True,6.737245857019511,model,1261156,600.9595999785233,119.08100001164712,lzma2|3|byte-shuffle,1497533,balanced,,1_10MiB,C:\Users\ss\Desktop\XAI\XAI\engines\XAI-Compress\checkpoints\phase_j_v1_256.pt,1a26220d1e9b364d612d,PASS,26
,,model,,,,,,smallest,exhaustive oracle bounded to files <=10 MiB,gt_10MiB,C:\Users\ss\Desktop\XAI\XAI\engines\XAI-Compress\checkpoints\model_search\residual-scale-depth-3c28504154\preflight.pt,9ace52ebc2064c6576de,N/A,0
,,model,,,,,,fastest,exhaustive oracle bounded to files <=10 MiB,gt_10MiB,C:\Users\ss\Desktop\XAI\XAI\engines\XAI-Compress\checkpoints\model_search\residual-scale-depth-3c28504154\preflight.pt,9ace52ebc2064c6576de,N/A,0
,,model,,,,,,balanced,exhaustive oracle bounded to files <=10 MiB,gt_10MiB,C:\Users\ss\Desktop\XAI\XAI\engines\XAI-Compress\checkpoints\model_search\residual-scale-depth-3c28504154\preflight.pt,9ace52ebc2064c6576de,N/A,0
