file,line,classification,text
apps\public_nextjs\app\architecture\page.tsx,4,UNVERIFIED,"export default function Architecture(){return <section className=""page-hero""><div className=""container""><SectionHeading eyebrow=""Current source architecture"" title=""Applications and service boundaries"" body=""This describes the repository implementation, not a guarantee of deployed availability.""/><div className=""architecture-stack"">{layers.map(([a,b],i)=><div key={a}><span>{i+1}</span><h3>{a}</h3><p>{b}</p></div>)}</div><p>Keycloak, a worker queue, MinIO, managed Vault encryption and a monitoring history service are not integrated production dependencies of the current API.</p></div></section>}"
apps\public_nextjs\app\docs\page.tsx,1,UNVERIFIED,"import Link from 'next/link';import {BookOpen,Code2,FlaskConical,LockKeyhole}from'lucide-react';import {SectionHeading}from'@/components/section-heading';export const metadata={title:'Documentation'};const docs=[{i:Code2,t:'Quick start',d:'Install and run the engine, backend, desktop, mobile and web modules.'},{i:FlaskConical,t:'Benchmark methodology',d:'Held-out data, SHA-256 equality, BPB, ratios, throughput and limitations.'},{i:LockKeyhole,t:'Security model',d:'Identity, scanning, encryption boundary, share codes, audit and production checklist.'},{i:BookOpen,t:'Architecture guide',d:'Monorepo structure, contracts, service responsibilities and integration flows.'}];export default function Docs(){return <section className=""page-hero""><div className=""container""><SectionHeading eyebrow=""Developer resources"" title=""Build the platform one verified module at a time"" body=""The source packages contain module-specific READMEs, runbooks, contracts and security checklists.""/><div className=""feature-grid"">{docs.map(({i:I,t,d})=><article key={t}><I/><h3>{t}</h3><p>{d}</p></article>)}</div><p className=""center""><Link className=""button"" href=""/architecture"">View architecture</Link></p></div></section>}"
apps\public_nextjs\app\downloads\page.tsx,8,UNVERIFIED," return <section className=""page-hero""><div className=""container""><SectionHeading eyebrow=""Application availability"" title=""Production releases"" body=""Only reviewed, signed and installation-tested production releases are listed for download. Source code and local test builds are not production distribution.""/><div className=""download-grid"">{platforms.map(([platform,label])=>{"
apps\public_nextjs\app\downloads\page.tsx,10,UNVERIFIED," return <article key={platform}><h2>{label}</h2>{release?<><p>{release.version} · {release.architecture}</p><p>{release.sizeBytes.toLocaleString()} bytes · {release.releasedAt}</p><p>{release.releaseNotes}</p><p style={{overflowWrap:'anywhere'}}>SHA-256: {release.sha256}</p><a className=""button"" href={release.url}>Download {release.filename}</a></>:<><p>{label} release is not available yet.</p><button className=""button"" disabled>Download unavailable</button></>}</article>;"
apps\public_nextjs\app\downloads\page.tsx,11,UNVERIFIED," })}</div><p>Historical Android builds used debug signing and Windows builds were unsigned. These are test artifacts, not public production releases.</p></div></section>;"
apps\public_nextjs\app\page.tsx,4,UNVERIFIED,"export default function Home(){return <><section className=""hero""><div className=""container narrow""><span className=""eyebrow"">Research platform</span><h1>XAI-Compress</h1><p className=""lead"">A lossless compression project with a Python engine, a cloud API, a web portal, a desktop client and a mobile authenticator.</p><div className=""hero-actions""><Link className=""button"" href=""/downloads"">Check application availability</Link><Link className=""button secondary"" href=""/architecture"">Explore architecture</Link></div><p>Public production application downloads are not available yet. Compression results depend on the input and selected codec; no performance or saving is guaranteed.</p></div></section><section id=""features"" className=""section""><div className=""container""><SectionHeading eyebrow=""Implemented workflows"" title=""Project capabilities"" body=""The source implements compression and decompression, file history, account authentication, TOTP enrollment and recipient-bound share codes. Deployment and service readiness must be verified separately.""/><div className=""feature-grid""><article><h3>Compression engine</h3><p>Local static and neural compression workflows with reconstruction integrity checks.</p></article><article><h3>Cloud portal</h3><p>Account-based file processing, history and downloads. Processing fails closed when required security scanning is unavailable.</p><Link href=""/status"">Check current service readiness</Link></article><article><h3>Authenticator</h3><p>Local TOTP account storage, code generation and enrollment. Mobile release signing and distribution remain pending.</p></article></div><p>Managed envelope encryption, passkeys, enterprise SSO and device management are not offered as verified production capabilities.</p></div></section><Cta/></>}"
apps\public_nextjs\app\pricing\page.tsx,3,UNVERIFIED,"export default function Pricing(){return <section className=""page-hero""><div className=""container narrow""><SectionHeading eyebrow=""Service availability"" title=""Public pricing is not available yet"" body=""This platform has no implemented checkout, subscription billing or purchasable plan tiers.""/><p>No paid plan or enterprise service is offered on this page. Account access does not establish a service-level agreement or a future pricing commitment.</p></div></section>}"
apps\public_nextjs\app\privacy\page.tsx,3,UNVERIFIED,"export default function Privacy(){return <section className=""page-hero""><div className=""container narrow""><SectionHeading eyebrow=""Data-processing disclosure — policy draft"" title=""Privacy and data use"" body=""This describes the current source implementation. Operator identity, contact details, retention periods and legal terms still require operator review; this is not a finalized privacy policy.""/><h2>Accounts and authentication</h2><p>The API stores account email, display name, a password hash, role, MFA state and TOTP enrollment information, including secrets needed for verification. Refresh tokens are stored as hashes. The web portal stores access and refresh tokens in browser local storage. The admin session holds tokens in its server-side circuit.</p><h2>Files and activity</h2><p>Cloud processing sends file contents to the backend for scanning, compression or decompression. Stored records include filenames, sizes, checksums, codec, status, ownership and artifact locations. Sharing stores recipient email, code hashes, expiration and download counters. Audit records contain account identifiers, actions, resources, results and timestamps.</p><h2>Email and devices</h2><p>Configured email providers process delivery addresses and message contents for enrollment or file email. Mobile authenticator accounts and TOTP secrets use device secure storage. Desktop settings and history are stored locally; cloud workflows transmit data to the configured API.</p><h2>Unresolved operator decisions</h2><p>No verified automatic retention schedule or self-service account deletion flow is provided. Share-code expiry does not delete stored files. Hosting access logs, IP metadata, backups, provider retention, data location, deletion requests and an operator contact must be documented before production approval.</p><p>No compliance certification, end-to-end encryption or guaranteed deletion period is asserted here.</p></div></section>}"
apps\public_nextjs\app\security\page.tsx,4,UNVERIFIED,"export default function Security(){return <section className=""page-hero""><div className=""container narrow""><SectionHeading eyebrow=""Implementation and limitations"" title=""Security boundaries"" body=""The API enforces account authorization, administrator roles, upload limits and TOTP authentication when enabled.""/><h2>File processing</h2><p>Cloud processing integrates ClamAV and YARA checks. Required scanner failures block processing; architecture does not establish that a scanner is currently operational. <Link href=""/status"">View current readiness</Link>.</p><p>Compression uses reconstruction and SHA-256 integrity checks. These checks are not encryption and do not guarantee that a file is harmless.</p><h2>Sharing and storage</h2><p>Share codes are restricted to a recipient account, expiration and download count. The backend processes file contents and stores artifacts. End-to-end encryption, zero-knowledge storage and managed envelope encryption are not verified capabilities.</p><h2>Identity and assurance</h2><p>The current API uses password authentication, access and refresh tokens, and TOTP. Enterprise SSO, passkeys and external security certification are not established by this implementation.</p><Link href=""/privacy"">Read data-processing information and unresolved privacy requirements</Link></div></section>}"
apps\public_nextjs\app\share\[code]\page.tsx,5,UNVERIFIED, let available=false;
apps\public_nextjs\app\share\[code]\page.tsx,8,UNVERIFIED,  available=response.ok;
apps\public_nextjs\app\share\[code]\page.tsx,10,UNVERIFIED," return <section className=""page-hero""><div className=""container narrow""><h1>{available?'Protected share':'Share unavailable'}</h1><p>{available?'Sign in as the intended recipient and enter your share code in the portal inbox. File details require authorization.':'The share could not be verified. It may be invalid, expired, exhausted, or the backend may be unavailable.'}</p><a className=""button"" href={`${portalUrl}/inbox`}>Open portal inbox</a></div></section>;"
apps\public_nextjs\app\status\page.tsx,14,UNVERIFIED," return <section className=""page-hero""><div className=""container narrow""><SectionHeading eyebrow=""Service readiness"" title={error?'Status unavailable':`Platform: ${state.overall}`} body=""Read-only backend prerequisite checks. Unknown means a dependency has not been verified.""/>{error&&<p role=""alert"">Could not retrieve current status. Service states are unknown. Reload to retry.</p>}<div className=""status-list"">{Object.entries(serviceLabels).map(([key,label])=><div key={key}><b>{label}</b><span className=""status-pill"">{state.services[key]}</span></div>)}</div><p>Database connectivity does not verify a login. Compression prerequisites do not establish successful processing. Storage readiness does not guarantee persistence. Notification configuration does not prove delivery.</p><p>Historical monitoring and uptime percentages are not available. No email is sent by these checks.</p></div></section>;"
apps\public_nextjs\app\terms\page.tsx,1,UNVERIFIED,"import {SectionHeading}from'@/components/section-heading';export const metadata={title:'Terms'};export default function Page(){return <section className=""page-hero""><div className=""container narrow""><SectionHeading eyebrow=""Legal draft"" title=""Terms"" body=""The production terms must define acceptable use, security responsibilities, service availability, intellectual property and limitations.""/><div className=""notice-box""><b>Not legal advice</b><p>This placeholder requires review by qualified legal and privacy professionals before deployment.</p></div></div></section>}"
apps\web_angular\src\app\pages\inbox.page.ts,8,UNVERIFIED,"<article class=""panel form-panel""><label>Share code<input [(ngModel)]=""code"" [disabled]=""busy()"" (ngModelChange)=""available.set(false)""></label><button class=""primary"" [disabled]=""!code||busy()"" (click)=""redeem()"">Redeem</button>@if(available()){<button [disabled]=""busy()"" (click)=""downloadShare()"">Download shared artifact</button>}</article>"
apps\web_angular\src\app\pages\inbox.page.ts,11,UNVERIFIED, code='';file:File|null=null;busy=signal(false);message=signal('');available=signal(false);
apps\web_angular\src\app\pages\inbox.page.ts,15,UNVERIFIED," downloadShare(){if(this.busy())return;this.busy.set(true);this.api.downloadShare(this.code).subscribe({next:b=>{this.busy.set(false);saveBlob(b,'shared.xaic');this.available.set(false);this.message.set('Shared artifact downloaded.')},error:()=>this.fail('Shared artifact unavailable or download limit reached.')})}"
apps\web_angular\src\app\pages\inbox.page.ts,16,UNVERIFIED," redeem(){if(this.busy())return;this.busy.set(true);this.available.set(false);this.api.redeem(this.code).subscribe({next:()=>{this.busy.set(false);this.available.set(true);this.message.set('Share available. Download the artifact.')},error:()=>this.fail('Share unavailable. Check the code and signed-in recipient account.')})}"
apps\web_angular\src\app\pages\login.page.ts,3,UNVERIFIED,"export class LoginPage{email='';password='';totp='';busy=signal(false);error=signal('');constructor(private auth:AuthService,private router:Router){}async submit(){if(this.busy())return;this.busy.set(true);this.error.set('');try{await this.auth.login(this.email,this.password,this.totp);await this.router.navigateByUrl('/dashboard')}catch(e){this.error.set('Login failed. Check your email, password and current TOTP if MFA is enabled, or retry when the backend is available.')}finally{this.busy.set(false)}}}"
apps\admin_dotnet\Components\Pages\Incidents.razor,4,UNVERIFIED,<p>Live incident reporting is not available from this backend. No incident records are displayed.</p>
apps\admin_dotnet\Components\Pages\Quarantine.razor,4,UNVERIFIED,<p>Live quarantine reporting is not available from this backend. An empty list does not establish that no files are quarantined.</p>
apps\admin_dotnet\Components\Pages\SystemHealth.razor,8,UNVERIFIED,"<p>Historical uptime, service versions and individual service latency are not measured.</p>"
apps\admin_dotnet\Components\Pages\Users.razor,6,UNVERIFIED,"<div class=""page-heading""><div><h1>Users and access</h1><p>Review roles, MFA state and account status.</p></div><input class=""search"" @bind=""_search"" placeholder=""Search users"" /></div>"
apps\admin_dotnet\Services\DemoAdminData.cs,21,DEMO,"        new(3, ""user@example.com"", ""Demo User"", ""USER"", ""Active"", true, Now.AddDays(-12), Now.AddDays(-1)),"
apps\admin_dotnet\Services\DemoAdminData.cs,22,DEMO,"        new(4, ""suspended@example.com"", ""Suspended User"", ""USER"", ""Suspended"", false, Now.AddMonths(-1), Now.AddDays(-8)),"
apps\admin_dotnet\Services\DemoAdminData.cs,27,DEMO,"        new(""JOB-24081"", ""vehicle_trace.csv"", ""user@example.com"", ""Neural"", ""Completed"", 6_400_000, 2_910_000, true, Now.AddMinutes(-8)),"
apps\admin_dotnet\Services\DemoAdminData.cs,28,DEMO,"        new(""JOB-24080"", ""archive.zip"", ""user@example.com"", ""Raw fallback"", ""Completed"", 2_400_000, 2_400_512, true, Now.AddMinutes(-20)),"
apps\admin_dotnet\Services\DemoAdminData.cs,30,DEMO,"        new(""JOB-24078"", ""telemetry.bin"", ""user@example.com"", ""Neural"", ""Processing"", 80_000_000, 0, false, Now.AddMinutes(-3)),"
apps\admin_dotnet\Services\DemoAdminData.cs,42,DEMO,"        new(""Q-501"", ""firmware_sample.bin"", ""user@example.com"", ""Clean"", new[] { ""Suspicious_Firmware_Pattern"" }, new string('a', 64), Now.AddMinutes(-18)),"
apps\admin_dotnet\Services\DemoAdminData.cs,43,DEMO,"        new(""Q-500"", ""document.pdf.exe"", ""suspended@example.com"", ""Win.Test.EICAR_HDB-1"", Array.Empty<string>(), new string('b', 64), Now.AddDays(-1)),"
apps\admin_dotnet\Services\DemoAdminData.cs,49,DEMO,"        new(9007, ""user@example.com"", ""compression.completed"", ""JOB-24081"", ""success"", ""10.0.0.44"", Now.AddMinutes(-8)),"
apps\mobile_authenticator_flutter\lib\services\deployment_config.dart,10,UNVERIFIED,"        ['localhost','127.0.0.1','10.0.2.2','backend','::1'].contains(uri.host) || defined.contains('REPLACE_')) {"
apps\mobile_authenticator_flutter\lib\services\deployment_config.dart,11,UNVERIFIED,      throw StateError('Production build requires a deployed HTTPS XAI_API_URL.');
apps\mobile_authenticator_flutter\lib\widgets\mfa_setup.dart,110,UNVERIFIED,"          const Text('Sign in or create your XAI account to set up this authenticator. Existing codes remain available below.'),"
apps\mobile_authenticator_flutter\lib\widgets\mfa_setup.dart,128,UNVERIFIED,"            const Text('Enter email verification code. Codes expire after 10 minutes. Resend is available after 60 seconds.'),"
apps\desktop_flutter\lib\screens\receive_screen.dart,54,UNVERIFIED,"   FilledButton(onPressed:busy?null:()=>run(()async{await api.redeem(code.text.trim());if(mounted)result='Share available. Download the artifact below.';}),child:const Text('Redeem code')),"
apps\desktop_flutter\lib\services\deployment_config.dart,10,UNVERIFIED,"        ['localhost','127.0.0.1','10.0.2.2','backend','::1'].contains(uri.host) || defined.contains('REPLACE_')) {"
apps\desktop_flutter\lib\services\deployment_config.dart,11,UNVERIFIED,      throw StateError('Production build requires a deployed HTTPS XAI_API_URL.');
apps\desktop_flutter\lib\services\deployment_config.dart,14,UNVERIFIED,  return defined.isEmpty ? 'http://localhost:8000' : defined;
