group,filename,path,extension,bytes,width,height,mode
iput,3000.PNG,C:\Users\ss\Desktop\XAI\last-Pro-Report\iput\3000.PNG,.png,246918,1343,683,RGBA
iput,300000.PNG,C:\Users\ss\Desktop\XAI\last-Pro-Report\iput\300000.PNG,.png,91266,610,651,RGBA
iput,30003.PNG,C:\Users\ss\Desktop\XAI\last-Pro-Report\iput\30003.PNG,.png,57379,1346,685,RGBA
iput,30004.PNG,C:\Users\ss\Desktop\XAI\last-Pro-Report\iput\30004.PNG,.png,170310,1346,687,RGBA
iput,30005.PNG,C:\Users\ss\Desktop\XAI\last-Pro-Report\iput\30005.PNG,.png,83467,1282,706,RGBA
iput,30006.PNG,C:\Users\ss\Desktop\XAI\last-Pro-Report\iput\30006.PNG,.png,75745,1351,679,RGBA
iput,3001.PNG,C:\Users\ss\Desktop\XAI\last-Pro-Report\iput\3001.PNG,.png,61231,1316,683,RGBA
iput,30010.PNG,C:\Users\ss\Desktop\XAI\last-Pro-Report\iput\30010.PNG,.png,54796,1179,693,RGBA
iput,3002.PNG,C:\Users\ss\Desktop\XAI\last-Pro-Report\iput\3002.PNG,.png,66494,1268,682,RGBA
iput,3008.PNG,C:\Users\ss\Desktop\XAI\last-Pro-Report\iput\3008.PNG,.png,69610,1336,684,RGBA
iput,3009.PNG,C:\Users\ss\Desktop\XAI\last-Pro-Report\iput\3009.PNG,.png,55928,1164,682,RGBA
iput,4.png,C:\Users\ss\Desktop\XAI\last-Pro-Report\iput\4.png,.png,55022,1290,890,RGBA
iput,4200.PNG,C:\Users\ss\Desktop\XAI\last-Pro-Report\iput\4200.PNG,.png,152371,1345,681,RGBA
iput,44.png,C:\Users\ss\Desktop\XAI\last-Pro-Report\iput\44.png,.png,41969,1490,490,RGBA
iput,55.png,C:\Users\ss\Desktop\XAI\last-Pro-Report\iput\55.png,.png,19889,1390,390,RGBA
iput,5555.PNG,C:\Users\ss\Desktop\XAI\last-Pro-Report\iput\5555.PNG,.png,215209,1279,684,RGBA
iput,777.png,C:\Users\ss\Desktop\XAI\last-Pro-Report\iput\777.png,.png,13225,1182,273,RGBA
iput,Activité — Hybrid V3.png,C:\Users\ss\Desktop\XAI\last-Pro-Report\iput\Activité — Hybrid V3.png,.png,330956,784,5013,RGBA
iput,Activité — pipeline de sécurité.png,C:\Users\ss\Desktop\XAI\last-Pro-Report\iput\Activité — pipeline de sécurité.png,.png,366166,1724,3570,RGBA
iput,DATABASE.PNG,C:\Users\ss\Desktop\XAI\last-Pro-Report\iput\DATABASE.PNG,.png,34167,1314,688,RGBA
iput,db.PNG,C:\Users\ss\Desktop\XAI\last-Pro-Report\iput\db.PNG,.png,177180,1350,687,RGBA
iput,diagram de class.png,C:\Users\ss\Desktop\XAI\last-Pro-Report\iput\diagram de class.png,.png,1098215,4879,2923,RGBA
iput,diagram de deploiment.png,C:\Users\ss\Desktop\XAI\last-Pro-Report\iput\diagram de deploiment.png,.png,526567,3452,2951,RGBA
iput,diagram de Séquence.png,C:\Users\ss\Desktop\XAI\last-Pro-Report\iput\diagram de Séquence.png,.png,762295,2738,5104,RGBA
iput,Diagramme de composants-de-gantt.png,C:\Users\ss\Desktop\XAI\last-Pro-Report\iput\Diagramme de composants-de-gantt.png,.png,112274,831,893,RGBA
iput,Diagramme de composants.png,C:\Users\ss\Desktop\XAI\last-Pro-Report\iput\Diagramme de composants.png,.png,393249,4220,1207,RGBA
iput,Diagramme d’états du compte.png,C:\Users\ss\Desktop\XAI\last-Pro-Report\iput\Diagramme d’états du compte.png,.png,377735,1687,2732,RGBA
iput,output.png,C:\Users\ss\Desktop\XAI\last-Pro-Report\iput\output.png,.png,16005,1027,257,RGBA
iput,output1.png,C:\Users\ss\Desktop\XAI\last-Pro-Report\iput\output1.png,.png,37666,1490,390,RGBA
iput,output4.png,C:\Users\ss\Desktop\XAI\last-Pro-Report\iput\output4.png,.png,17019,696,374,RGBA
iput,output6.png,C:\Users\ss\Desktop\XAI\last-Pro-Report\iput\output6.png,.png,44971,1586,390,RGBA
iput,Page Garde Rapport Stage Ang.ced834a8.docx,C:\Users\ss\Desktop\XAI\last-Pro-Report\iput\Page Garde Rapport Stage Ang.ced834a8.docx,.docx,213015,,,
iput,Séquence — compression d'un fichier.png,C:\Users\ss\Desktop\XAI\last-Pro-Report\iput\Séquence — compression d'un fichier.png,.png,1558753,5455,6554,RGBA
iput,Séquence — Login + MFATOTP.png,C:\Users\ss\Desktop\XAI\last-Pro-Report\iput\Séquence — Login + MFATOTP.png,.png,1091575,3610,5896,RGBA
iput,Séquence — mot de passe oublié.png,C:\Users\ss\Desktop\XAI\last-Pro-Report\iput\Séquence — mot de passe oublié.png,.png,933515,2810,5700,RGBA
iput,Séquence — partage sécurisé.png,C:\Users\ss\Desktop\XAI\last-Pro-Report\iput\Séquence — partage sécurisé.png,.png,1194297,3414,6978,RGBA
iput,tt.PNG,C:\Users\ss\Desktop\XAI\last-Pro-Report\iput\tt.PNG,.png,35880,1359,531,RGBA
iput,XAI_Compress_Model_Analysis.ipynb,C:\Users\ss\Desktop\XAI\last-Pro-Report\iput\XAI_Compress_Model_Analysis.ipynb,.ipynb,383215,,,
tools,outils_gestion.png,C:\Users\ss\Desktop\XAI\last-Pro-Report\images\tools\outils_gestion.png,.png,46123,1600,900,RGB
tools,stack_ai.png,C:\Users\ss\Desktop\XAI\last-Pro-Report\images\tools\stack_ai.png,.png,55831,1600,900,RGB
tools,stack_backend.png,C:\Users\ss\Desktop\XAI\last-Pro-Report\images\tools\stack_backend.png,.png,65911,1600,900,RGB
tools,stack_clients.png,C:\Users\ss\Desktop\XAI\last-Pro-Report\images\tools\stack_clients.png,.png,47822,1600,900,RGB
tools,stack_security.png,C:\Users\ss\Desktop\XAI\last-Pro-Report\images\tools\stack_security.png,.png,60668,1600,900,RGB
