model,optimal_compressed_bytes,optimal_strategy,profile,regret,sample_id,selected_compressed_bytes,selected_strategy,size_regret_percent,source_category,split,top1_correct,top3_recall
rule_based,1676.0,brotli|6|identity,smallest,0.00021927527636971957,text_readme_16k,1679.0,brotli|9|identity,0.17899761336515513,text,test,False,False
rule_based,4178.0,brotli|9|identity,smallest,0.0,code_python_16k,4178.0,brotli|9|identity,0.0,source_code,test,True,True
rule_based,1221.0,brotli|9|identity,smallest,0.0,code_json_config,1221.0,brotli|9|identity,0.0,json,test,True,True
rule_based,24.0,brotli|6|identity,smallest,1.4563930207627128e-07,csv_numeric_16k,24.0,brotli|9|identity,0.0,csv,test,False,False
rule_based,551.0,zstd|3|byte-shuffle,smallest,0.1294197407326456,numeric_delta,9307.0,brotli|9|identity,1589.1107078039927,scientific,test,False,False
rule_based,4096.0,raw|default|identity,smallest,0.05371288761702242,random_4k,4156.0,lzma2|6|identity,1.46484375,random,test,False,False
rule_based,29.0,brotli|9|identity,smallest,0.0,repetitive_64k,29.0,brotli|9|identity,0.0,repetitive,test,True,True
rule_based,16407.0,raw|default|identity,smallest,0.0,gzip_random,16407.0,raw|default|identity,0.0,already_compressed,test,True,True
rule_based,28.0,brotli|6|identity,smallest,5.363561171549562e-07,neural_text_256,28.0,brotli|9|identity,0.0,neural_calibration,test,False,False
gradient_boosted_stumps,1676.0,brotli|6|identity,smallest,0.0,text_readme_16k,1676.0,brotli|6|identity,0.0,text,test,True,True
gradient_boosted_stumps,4178.0,brotli|9|identity,smallest,0.0,code_python_16k,4178.0,brotli|9|identity,0.0,source_code,test,True,True
gradient_boosted_stumps,1221.0,brotli|9|identity,smallest,0.006356263174234901,code_json_config,1239.0,brotli|6|dictionary,1.4742014742014742,json,test,False,True
gradient_boosted_stumps,24.0,brotli|6|identity,smallest,0.0,csv_numeric_16k,24.0,brotli|6|identity,0.0,csv,test,True,True
gradient_boosted_stumps,551.0,zstd|3|byte-shuffle,smallest,0.1294197407326456,numeric_delta,9307.0,brotli|9|identity,1589.1107078039927,scientific,test,False,False
gradient_boosted_stumps,4096.0,raw|default|identity,smallest,0.0,random_4k,4096.0,raw|default|identity,0.0,random,test,True,True
gradient_boosted_stumps,29.0,brotli|9|identity,smallest,0.0,repetitive_64k,29.0,brotli|9|identity,0.0,repetitive,test,True,True
gradient_boosted_stumps,16407.0,raw|default|identity,smallest,0.0,gzip_random,16407.0,raw|default|identity,0.0,already_compressed,test,True,True
gradient_boosted_stumps,28.0,brotli|6|identity,smallest,0.0,neural_text_256,28.0,brotli|6|identity,0.0,neural_calibration,test,True,True
rule_based,1808.0,zstd|9|identity,fastest,0.00029036356391925404,text_readme_16k,1905.0,zstd|1|identity,5.365044247787611,text,test,False,False
rule_based,4379.0,deflate|9|identity,fastest,0.0025804644437620516,code_python_16k,5040.0,zstd|1|identity,15.094770495546928,source_code,test,False,False
rule_based,1309.0,deflate|6|identity,fastest,0.002140076848107588,code_json_config,1429.0,zstd|1|identity,9.167303284950345,json,test,False,False
rule_based,34.0,zstd|9|identity,fastest,8.370213034404607e-06,csv_numeric_16k,34.0,zstd|1|identity,0.0,csv,test,False,False
rule_based,8351.0,zstd|9|identity,fastest,5.919492094662304e-05,numeric_delta,8973.0,zstd|1|identity,7.448209795234104,scientific,test,False,False
rule_based,4096.0,raw|default|identity,fastest,0.0005496722724281904,random_4k,4106.0,zstd|1|identity,0.244140625,random,test,False,True
rule_based,31.0,zstd|1|identity,fastest,0.0,repetitive_64k,31.0,zstd|1|identity,0.0,repetitive,test,True,True
rule_based,16407.0,raw|default|identity,fastest,0.0,gzip_random,16407.0,raw|default|identity,0.0,already_compressed,test,True,True
rule_based,28.0,brotli|6|identity,fastest,0.0017108799466661962,neural_text_256,36.0,zstd|1|identity,28.571428571428573,neural_calibration,test,False,False
random_forest,1808.0,zstd|9|identity,fastest,0.0,text_readme_16k,1808.0,zstd|9|identity,0.0,text,test,True,True
random_forest,4379.0,deflate|9|identity,fastest,7.6028850891018355e-06,code_python_16k,4394.0,deflate|6|identity,0.34254395980817537,source_code,test,False,False
random_forest,1309.0,deflate|6|identity,fastest,0.0007481902828426739,code_json_config,1341.0,zstd|9|identity,2.4446142093200915,json,test,False,True
random_forest,34.0,zstd|9|identity,fastest,0.0,csv_numeric_16k,34.0,zstd|9|identity,0.0,csv,test,True,True
random_forest,8351.0,zstd|9|identity,fastest,0.0,numeric_delta,8351.0,zstd|9|identity,0.0,scientific,test,True,True
random_forest,4096.0,raw|default|identity,fastest,0.0,random_4k,4096.0,raw|default|identity,0.0,random,test,True,True
random_forest,31.0,zstd|1|identity,fastest,0.0,repetitive_64k,31.0,zstd|1|identity,0.0,repetitive,test,True,True
random_forest,16407.0,raw|default|identity,fastest,0.0,gzip_random,16407.0,raw|default|identity,0.0,already_compressed,test,True,True
random_forest,28.0,brotli|6|identity,fastest,0.0017023306533392414,neural_text_256,36.0,zstd|9|identity,28.571428571428573,neural_calibration,test,False,False
rule_based,1676.0,brotli|6|identity,balanced,0.0005611454693820264,text_readme_16k,1679.0,brotli|9|identity,0.17899761336515513,text,test,False,False
rule_based,4178.0,brotli|9|identity,balanced,0.0,code_python_16k,4178.0,brotli|9|identity,0.0,source_code,test,True,True
rule_based,1222.0,brotli|6|identity,balanced,0.0015837280513440236,code_json_config,1221.0,brotli|9|identity,-0.08183306055646482,json,test,False,False
rule_based,24.0,brotli|6|identity,balanced,2.9834288337933844e-06,csv_numeric_16k,24.0,brotli|9|identity,0.0,csv,test,False,False
rule_based,551.0,zstd|3|byte-shuffle,balanced,0.0620399573516463,numeric_delta,9307.0,brotli|9|identity,1589.1107078039927,scientific,test,False,False
rule_based,4096.0,raw|default|identity,balanced,0.00420602813892148,random_4k,4106.0,zstd|3|identity,0.244140625,random,test,False,False
rule_based,29.0,brotli|9|identity,balanced,0.0,repetitive_64k,29.0,brotli|9|identity,0.0,repetitive,test,True,True
rule_based,16407.0,raw|default|identity,balanced,0.0,gzip_random,16407.0,raw|default|identity,0.0,already_compressed,test,True,True
rule_based,28.0,brotli|6|identity,balanced,1.0855583905075075e-05,neural_text_256,28.0,brotli|9|identity,0.0,neural_calibration,test,False,False
gradient_boosted_stumps,1676.0,brotli|6|identity,balanced,0.0,text_readme_16k,1676.0,brotli|6|identity,0.0,text,test,True,True
gradient_boosted_stumps,4178.0,brotli|9|identity,balanced,0.0010077633419673378,code_python_16k,4237.0,brotli|6|identity,1.412158927716611,source_code,test,False,False
gradient_boosted_stumps,1222.0,brotli|6|identity,balanced,0.0,code_json_config,1222.0,brotli|6|identity,0.0,json,test,True,True
gradient_boosted_stumps,24.0,brotli|6|identity,balanced,0.0,csv_numeric_16k,24.0,brotli|6|identity,0.0,csv,test,True,True
gradient_boosted_stumps,551.0,zstd|3|byte-shuffle,balanced,0.010835529362833149,numeric_delta,9301.0,brotli|6|identity,1588.021778584392,scientific,test,False,False
gradient_boosted_stumps,4096.0,raw|default|identity,balanced,0.0,random_4k,4096.0,raw|default|identity,0.0,random,test,True,True
gradient_boosted_stumps,29.0,brotli|9|identity,balanced,3.996797267863884e-06,repetitive_64k,29.0,brotli|6|identity,0.0,repetitive,test,False,True
gradient_boosted_stumps,16407.0,raw|default|identity,balanced,0.0,gzip_random,16407.0,raw|default|identity,0.0,already_compressed,test,True,True
gradient_boosted_stumps,28.0,brotli|6|identity,balanced,0.0,neural_text_256,28.0,brotli|6|identity,0.0,neural_calibration,test,True,True
