SHA_PASS,actual_bpb,category,compressed_bytes,compression_MiB_s,compression_ms,decompression_MiB_s,decompression_ms,method,original_bytes,peak_RSS_MB,ratio,size_bucket,source,source_id,status
True,8.012321909896034,archive,2601,0.1417926489959245,17.466999997850507,58.55064031864221,0.04230000195093453,brotli-11,2597,203.296875,0.9984621299500193,lt_16KiB,C:\Users\ss\Desktop\XAI\XAI\apps\public_nextjs\.next\cache\webpack\client-development\2.pack.gz,86aebd2a6ca744d6ce03,PASS
True,7.76128339382805,archive,10552953,0.16368183349625953,63376.76320000901,93.66518047284418,110.7522000093013,brotli-11,10877534,282.80078125,1.0307573624178938,gt_10MiB,C:\Users\ss\Desktop\XAI\XAI\apps\public_nextjs\.next\cache\webpack\server-development\0.pack.gz,ab9fd50e606430ff1ad4,PASS
True,7.732218917967591,archive,11403663,0.19834370316192917,56729.88319999422,114.99025683916601,97.85190000548027,brotli-11,11798593,288.3828125,1.0346318546944082,gt_10MiB,C:\Users\ss\Desktop\XAI\XAI\apps\public_nextjs\.next\cache\webpack\client-development\1.pack.gz,c00053085b900f5df548,PASS
True,8.16326530612245,binary,50,0.01734725726216362,2.6937999937217683,0.5719710557635729,0.08170001092366874,brotli-11,49,288.3828125,0.98,lt_16KiB,C:\Users\ss\Desktop\XAI\XAI\apps\public_nextjs\.gitignore,5f8724e09072ab9a265f,PASS
True,8.592592592592593,binary,58,0.025241845167994593,2.04020002274774,4.0549994500055,0.012699980288743973,brotli-11,54,288.3828125,0.9310344827586207,lt_16KiB,C:\Users\ss\Desktop\XAI\XAI\apps\mobile_authenticator_flutter\android\.gradle\buildOutputCleanup\cache.properties,a79486349dd2e056bef1,PASS
True,8.313725490196079,binary,106,0.07305105254738624,1.3315999822225422,10.929738850628839,0.00890000956133008,brotli-11,102,288.3828125,0.9622641509433962,lt_16KiB,C:\Users\ss\Desktop\XAI\XAI\apps\public_nextjs\.next\cache\.rscinfo,40edde3ff58386c6e648,PASS
True,5.457364341085271,binary,176,0.0673697975329017,3.6521999863907695,4.449329348969051,0.05530001362785697,brotli-11,258,288.3828125,1.4659090909090908,lt_16KiB,C:\Users\ss\Desktop\XAI\XAI\apps\web_angular\Dockerfile,f6d8ac25d8ced35c97bb,PASS
True,3.272271016311167,binary,326,0.1581092154340326,4.807299992535263,17.393105652938356,0.04369998350739479,brotli-11,797,288.3828125,2.4447852760736195,lt_16KiB,C:\Users\ss\Desktop\XAI\XAI\apps\mobile_authenticator_flutter\android\settings.gradle.kts,cc0a768c16bc4f521d5e,PASS
True,2.4293915040183696,binary,1058,0.3267768175770512,10.167799977352843,62.69059550834511,0.05299999611452222,brotli-11,3484,288.3828125,3.2930056710775046,lt_16KiB,C:\Users\ss\Desktop\XAI\XAI\apps\admin_dotnet\Components\Pages\Home.razor,5cfd18ecb4615302b290,PASS
True,2.3432902362906822,binary,1314,0.2886821588301079,14.819699979852885,53.21123045853374,0.08040000102482736,brotli-11,4486,288.3828125,3.4140030441400304,lt_16KiB,C:\Users\ss\Desktop\XAI\XAI\apps\web_angular\src\styles.scss,1364093c2cd97d6b467d,PASS
True,0.627789299046039,binary,946,0.2942580391275307,39.06959999585524,153.4919317485926,0.07489998824894428,brotli-11,12055,288.3828125,12.743128964059197,lt_16KiB,C:\Users\ss\Desktop\XAI\XAI\apps\desktop_flutter\.flutter-plugins-dependencies,fb876718379f313755bf,PASS
True,1.5878506644167898,binary,4705,0.3857350236116142,58.607199985999614,167.83109494567825,0.13470000703819096,brotli-11,23705,288.3828125,5.038257173219979,16_64KiB,C:\Users\ss\Desktop\XAI\XAI\apps\desktop_flutter\pubspec.lock,665359906b3619ac985e,PASS
True,8.842105263157896,csv,42,0.040759897061933746,0.8890999888535589,2.8991680966339697,0.012500007869675756,brotli-11,38,288.3828125,0.9047619047619048,lt_16KiB,C:\Users\ss\Desktop\XAI\XAI\engines\XAI-Compress\results\final_analysis\roundtrip_results.csv,e3912e357456af06dfed,PASS
True,6.4,csv,72,0.04384709491289131,1.957500004209578,2.4383714094602316,0.035200006095692515,brotli-11,90,288.3828125,1.25,lt_16KiB,C:\Users\ss\Desktop\XAI\XAI\engines\XAI-Compress\results\final_analysis\final_comparison.csv,921d357da1bee764ce1d,PASS
True,5.095709570957096,csv,193,0.058169602707052286,4.967599990777671,4.087176487393346,0.07069998537190259,brotli-11,303,288.3828125,1.5699481865284974,lt_16KiB,C:\Users\ss\Desktop\XAI\XAI\engines\XAI-Compress\results\final_project\lossless_bpb_breakdown.csv,39a02de3ede36018b3fe,PASS
True,4.102189781021898,csv,281,0.09275242256524183,5.6345000048168,7.476587449297303,0.06990000838413835,brotli-11,548,288.3828125,1.9501779359430604,lt_16KiB,C:\Users\ss\Desktop\XAI\XAI\engines\XAI-Compress\results\hybrid_ai\final_decision_table.csv,13de65abccd316cc7ad0,PASS
True,3.277708592777086,csv,329,0.23376796469004135,3.2759000023361295,20.9808257670052,0.036500015994533896,brotli-11,803,288.3828125,2.440729483282675,lt_16KiB,C:\Users\ss\Desktop\XAI\XAI\engines\XAI-Compress\results\model_search\leaderboard.csv,7da935a5c5745da0fc47,PASS
True,2.9849462365591397,csv,347,0.21740828831573492,4.079500009538606,21.218113723570692,0.041799998143687844,brotli-11,930,288.3828125,2.680115273775216,lt_16KiB,C:\Users\ss\Desktop\XAI\XAI\engines\XAI-Compress\results\final_project\lossy_benchmark.csv,5dc21384a6a2b295ec5d,PASS
True,3.5945663531870427,csv,430,0.32197358180046504,2.8346000181045383,25.21176726913717,0.036200013710185885,brotli-11,957,288.3828125,2.2255813953488373,lt_16KiB,C:\Users\ss\Desktop\XAI\XAI\engines\XAI-Compress\results\model_v2\lossless_bpb_breakdown.csv,ef3edbf6186277f5ef97,PASS
True,2.4665314401622718,csv,304,0.22523782558777425,4.174800007604063,22.388640081934213,0.04199999966658652,brotli-11,986,288.3828125,3.2434210526315788,lt_16KiB,C:\Users\ss\Desktop\XAI\XAI\engines\XAI-Compress\results\model_v2\kaggle_lossless_v2_progress.csv,0e4427f0e7b0f0da7ba0,PASS
True,2.9036144578313254,csv,482,0.34111169421199056,3.7127999821677804,34.60324897202296,0.03660001675598323,brotli-11,1328,288.3828125,2.7551867219917012,lt_16KiB,C:\Users\ss\Desktop\XAI\XAI\engines\XAI-Compress\results\model_v2\lossless_benchmark.csv,b2aeaaf4897e7310def1,PASS
True,2.0165471594043023,csv,457,0.362986067053666,4.7633000067435205,52.874991433502174,0.03269998705945909,brotli-11,1813,288.3828125,3.9671772428884027,lt_16KiB,C:\Users\ss\Desktop\XAI\XAI\engines\XAI-Compress\phase_j_results.csv,908ba22d7f9287d17ced,PASS
True,2.5976470588235294,csv,1380,0.3210973761063918,12.622699985513464,55.06950318263799,0.07360000745393336,brotli-11,4250,288.3828125,3.079710144927536,lt_16KiB,C:\Users\ss\Desktop\XAI\XAI\engines\XAI-Compress\results\final_project\lossless_benchmark.csv,b26de929ad20b7ac9288,PASS
True,1.3130699088145896,csv,756,0.4431219832142632,9.912899986375123,95.28467964322871,0.04610000178217888,brotli-11,4606,288.3828125,6.092592592592593,lt_16KiB,C:\Users\ss\Desktop\XAI\XAI\engines\XAI-Compress\results\hybrid_ai\selector_feature_importance.csv,20cb03e2c284978c7f64,PASS
True,1.7091273821464392,csv,1491,0.3874296708607354,17.17909998842515,111.29923415057682,0.05979998968541622,brotli-11,6979,288.3828125,4.68075117370892,lt_16KiB,C:\Users\ss\Desktop\XAI\XAI\engines\XAI-Compress\results\model_search\imports\auto\residual-scale-depth-3c28504154\v1\results\model_search\residual_scale_depth\short_screen.metrics.csv,fd92d55f5169a15f74dc,PASS
True,1.3015237580019836,csv,9022,0.32378303866333236,163.33780001150444,180.43674811999279,0.2930999908130616,brotli-11,55455,288.3828125,6.1466415428951455,16_64KiB,C:\Users\ss\Desktop\XAI\XAI\engines\XAI-Compress\data\domain_focused\archive (1)\FaceForensics++_C23\csv\FaceShifter.csv,16a980a0d416c9105d7a,PASS
True,1.1802672781095465,csv,8622,0.3723539642839035,149.67929999693297,208.27234920768194,0.26760000037029386,brotli-11,58441,288.3828125,6.778125724889817,16_64KiB,C:\Users\ss\Desktop\XAI\XAI\engines\XAI-Compress\data\domain_focused\archive (1)\FaceForensics++_C23\csv\NeuralTextures.csv,6e96649c37ae12817da8,PASS
True,0.42054611322839686,csv,41863,0.31667285806563633,2398.258300003363,214.2955160400251,3.54400000651367,brotli-11,796355,288.3828125,19.02288416979194,64KiB_1MiB,C:\Users\ss\Desktop\XAI\XAI\engines\XAI-Compress\phase_h_dataset_report.csv,90bb57d94e3fa72035ad,PASS
True,4.262197262197263,executable,12143,0.2519314891270418,86.27800000249408,75.8943539183975,0.2864000271074474,brotli-11,22792,288.3828125,1.8769661533393724,16_64KiB,C:\Users\ss\Desktop\XAI\XAI\apps\admin_dotnet\bin\Debug\net8.0\Microsoft.Extensions.ObjectPool.dll,63b80d177dabc1b0609f,PASS
True,3.631431897555297,executable,15597,0.10717050346177541,305.75809997390024,47.836860158135345,0.6850000063423067,brotli-11,34360,288.3828125,2.202987754055267,16_64KiB,C:\Users\ss\Desktop\XAI\XAI\apps\admin_dotnet\bin\Debug\net8.0\Microsoft.Extensions.AmbientMetadata.Application.dll,8532a7e7c38dfc36aa1a,PASS
True,2.4653867251782775,image,2809,0.164887581638194,52.719200000865385,65.85410821554916,0.13199998647905886,brotli-11,9115,288.3828125,3.244927020291919,lt_16KiB,C:\Users\ss\Desktop\XAI\XAI\engines\XAI-Compress\results\hybrid_ai\figures\01_codec_bpb.png,b431de9bd8324ec90c36,PASS
True,2.9073828244664557,image,3559,0.2256918671030943,41.38089998741634,66.00235010858917,0.14150000060908496,brotli-11,9793,288.3828125,2.7516156223658332,lt_16KiB,C:\Users\ss\Desktop\XAI\XAI\engines\XAI-Compress\results\hybrid_ai\figures\04_decompression_speed.png,801658a38cf0cafec5ef,PASS
True,24.0,json,6,0.012401485998371094,0.15380000695586205,0.10038677460614091,0.018999999156221747,brotli-11,2,288.3828125,0.3333333333333333,lt_16KiB,C:\Users\ss\Desktop\XAI\XAI\engines\XAI-Compress\results\benchmark_results.json,b2d26822f2e8d5499ddf,PASS
True,9.03225806451613,json,35,0.01948968546546952,1.5168999962043017,1.749342150582076,0.016900012269616127,brotli-11,31,288.3828125,0.8857142857142857,lt_16KiB,C:\Users\ss\Desktop\XAI\XAI\apps\public_nextjs\.next\static\webpack\1cde06a0bb489b45.webpack.hot-update.json,215155f5831d7da605e0,PASS
True,7.228915662650603,json,75,0.05956876042825209,1.3287999900057912,2.59524491112358,0.030499999411404133,brotli-11,83,288.3828125,1.1066666666666667,lt_16KiB,C:\Users\ss\Desktop\XAI\XAI\apps\public_nextjs\.next\server\middleware-manifest.json,e43e7849d7ac7eee3e69,PASS
True,3.519230769230769,json,183,0.10959048512405635,3.6201000039000064,9.559724221893235,0.04149999585933983,brotli-11,416,288.3828125,2.273224043715847,lt_16KiB,C:\Users\ss\Desktop\XAI\XAI\apps\admin_dotnet\bin\Debug\net8.0\AdminDotNet.runtimeconfig.json,719549724763a3953a3a,PASS
True,2.84297520661157,json,215,0.2612155750819665,2.208799996878952,20.754417133147893,0.02780000795610249,brotli-11,605,288.3828125,2.813953488372093,lt_16KiB,C:\Users\ss\Desktop\XAI\XAI\apps\web_angular\package.after-audit-force.json,a5121d3f04b140dd77b4,PASS
True,3.155509783728115,json,383,0.2651598533482968,3.4923000202979892,28.58080852994148,0.03239998477511108,brotli-11,971,288.3828125,2.535248041775457,lt_16KiB,C:\Users\ss\Desktop\XAI\XAI\engines\XAI-Compress\results\hybrid_ai\baseline_integrity.json,4416f13ac2189fe77572,PASS
True,2.8878048780487804,json,370,0.20935858532608073,4.6691000170540065,18.4089685843041,0.053099996875971556,brotli-11,1025,288.3828125,2.77027027027027,lt_16KiB,C:\Users\ss\Desktop\XAI\XAI\engines\XAI-Compress\checkpoints\kaggle\best.summary.json,0b56a8336d926b137c46,PASS
True,5.734820322180917,json,1157,0.36472924155260666,4.220200004056096,31.93422778267538,0.048200017772614956,brotli-11,1614,288.3828125,1.3949870354364737,lt_16KiB,C:\Users\ss\Desktop\XAI\XAI\apps\admin_dotnet\obj\Debug\net8.0\rjsmcshtml.dswa.cache.json,d3bde520fa745484d111,PASS
True,2.937354988399072,json,633,0.19573962137952503,8.399599988479167,27.866694553734565,0.058999983593821526,brotli-11,1724,288.3828125,2.7235387045813586,lt_16KiB,C:\Users\ss\Desktop\XAI\XAI\engines\XAI-Compress\notebooks\06_model_architecture.ipynb,2aaa61682ef5b2eeabcd,PASS
True,1.6184748616790956,json,841,0.3074793986502552,12.893300008727238,86.1831314202416,0.04600000102072954,brotli-11,4157,288.3828125,4.942925089179548,lt_16KiB,C:\Users\ss\Desktop\XAI\XAI\apps\admin_dotnet\obj\Debug\net8.0\staticwebassets.build.json,5b2a797175be2fc16d7c,PASS
True,0.862490788504053,json,2926,0.2994347542227787,86.43860000302084,227.44044327847251,0.11379999341443181,brotli-11,27140,288.3828125,9.275461380724538,16_64KiB,C:\Users\ss\Desktop\XAI\XAI\engines\XAI-Compress\results\final\lossless_benchmark.json,1f2e48d06ee45b484a60,PASS
True,0.671134162574012,json,7311,0.2534539954829308,327.9127999849152,400.7271276035929,0.20740000763908029,brotli-11,87148,288.3828125,11.92012036657092,64KiB_1MiB,C:\Users\ss\Desktop\XAI\XAI\apps\admin_dotnet\obj\project.assets.json,d27dc1d6d4717d80c545,PASS
True,1.5108271210507633,logs,532,0.20129329282272854,13.346200023079291,56.20292304657342,0.04780001472681761,brotli-11,2817,288.3828125,5.295112781954887,lt_16KiB,C:\Users\ss\Desktop\XAI\XAI\engines\XAI-Compress\phase_g_run.log,cd260a4c13627b0f1896,PASS
True,0.4686872293889211,logs,2625,0.20009670604109075,213.54840000276454,388.8110483338122,0.10989999282173812,brotli-11,44806,288.3828125,17.068952380952382,16_64KiB,C:\Users\ss\Desktop\XAI\XAI\engines\XAI-Compress\results\model_search\imports\candidate_b_20260830-183205\watch.log,1dfa898e4b00116e4cab,PASS
True,7.636363636363637,markdown,63,0.0573246852724255,1.0980000079143792,2.6335767987744734,0.023900007363408804,brotli-11,66,288.3828125,1.0476190476190477,lt_16KiB,C:\Users\ss\Desktop\XAI\XAI\tools\qt_inspector\README.md,aedca929aa742fd71e9b,PASS
True,3.6964285714285716,markdown,207,0.15183953833037972,2.8138000052422285,12.277185526030781,0.03480000304989517,brotli-11,448,288.3828125,2.1642512077294684,lt_16KiB,C:\Users\ss\Desktop\XAI\XAI\engines\XAI-Compress\reports\experiment_report.md,81a445cc02e5ab1cabd2,PASS
True,3.778894472361809,markdown,282,0.1230693799658623,4.626200010534376,12.011464695957148,0.04740001168102026,brotli-11,597,288.3828125,2.117021276595745,lt_16KiB,C:\Users\ss\Desktop\XAI\XAI\apps\public_nextjs\docs\INTEGRATION.md,2b5091e58cb6922ad60d,PASS
True,3.4822190611664294,markdown,306,0.23959439773626243,2.7982000028714538,11.866066801763331,0.056500022765249014,brotli-11,703,288.3828125,2.2973856209150325,lt_16KiB,C:\Users\ss\Desktop\XAI\XAI\apps\mobile_authenticator_flutter\docs\PRODUCTION_CHECKLIST.md,8028fd8746ec7555a569,PASS
True,3.6363636363636362,markdown,390,0.1600775807590726,5.11160001042299,15.18093726208025,0.05390000296756625,brotli-11,858,288.3828125,2.2,lt_16KiB,C:\Users\ss\Desktop\XAI\XAI\apps\mobile_authenticator_flutter\docs\INTEGRATION.md,1cff286a0579303a0e2e,PASS
True,3.452685421994885,markdown,675,0.2883051386119223,5.173499986995012,33.14548554250842,0.04499999340623617,brotli-11,1564,288.3828125,2.317037037037037,lt_16KiB,C:\Users\ss\Desktop\XAI\XAI\apps\desktop_flutter\README.md,f8acbe64385c0bc28390,PASS
True,3.65625,markdown,936,0.24094211851579397,8.106199995381758,32.176690467560014,0.060699996538460255,brotli-11,2048,288.3828125,2.1880341880341883,lt_16KiB,C:\Users\ss\Desktop\XAI\XAI\engines\XAI-Compress\results\final_project\audit.md,c9bfc414215801365a64,PASS
True,3.2373290426387773,markdown,1509,0.28932608120605874,12.29149999562651,37.872758284132146,0.09389998740516603,brotli-11,3729,288.3828125,2.4711729622266403,lt_16KiB,C:\Users\ss\Desktop\XAI\XAI\engines\XAI-Compress\results\model_v2\lossless_v2_preflight.md,efd24e78ff6d0f481461,PASS
True,2.90173775671406,markdown,2296,0.16128257570208213,37.42969999439083,24.166365783403897,0.24980001035146415,brotli-11,6330,288.3828125,2.7569686411149825,lt_16KiB,C:\Users\ss\Desktop\XAI\XAI\engines\XAI-Compress\results\model_search\imports\auto\lr-0-0002-f316e33308\v1\XAI-Compress\scripts\kaggle\README.md,8a329048e6e90bc5e436,PASS
True,3.4285714285714284,model,456,0.12579614831877436,8.066300011705607,16.3927201876186,0.0619000056758523,brotli-11,1064,288.3828125,2.3333333333333335,lt_16KiB,C:\Users\ss\Desktop\XAI\XAI\engines\XAI-Compress\data\test\archive\results\checkpoint-140\scheduler.pt,b09d33b1dd2c5da1b94b,PASS
True,6.504291593180482,model,110638,0.11229182668638121,1155.7029999967199,36.37525621151872,3.5676999832503498,brotli-11,136080,288.3828125,1.2299571575769628,64KiB_1MiB,C:\Users\ss\Desktop\XAI\XAI\engines\XAI-Compress\checkpoints\neural_lossy_v1\validation.latest.pt,bc559421f72cb439e577,PASS
True,7.19738226294792,model,1346964,0.1570527885815049,9091.296900005545,42.319253616343794,33.73910000664182,brotli-11,1497171,288.3828125,1.1115152298056963,1_10MiB,C:\Users\ss\Desktop\XAI\XAI\engines\XAI-Compress\checkpoints\gru_smoke.pt,46873d3cf1d109fce5fb,PASS
True,6.964275244685759,model,1303654,0.12527339194843592,11400.335999991512,48.529454558959074,29.428700014250353,brotli-11,1497533,288.3828125,1.148719675619451,1_10MiB,C:\Users\ss\Desktop\XAI\XAI\engines\XAI-Compress\checkpoints\phase_j_v1_256.pt,1a26220d1e9b364d612d,PASS
True,7.1884253288201405,model,26658792,0.312706032250475,90481.65070000687,67.9280965454952,416.5309999953024,brotli-11,29668575,332.25390625,1.11290020192963,gt_10MiB,C:\Users\ss\Desktop\XAI\XAI\engines\XAI-Compress\checkpoints\model_search\residual-scale-depth-3c28504154\preflight.pt,9ace52ebc2064c6576de,PASS
True,7.167234854119658,model,26589437,0.29716880750490576,95245.47640001401,65.56849411871127,431.6705000237562,brotli-11,29678879,332.25390625,1.1161905759794764,gt_10MiB,C:\Users\ss\Desktop\XAI\XAI\engines\XAI-Compress\results\model_search\imports\auto\residual-scale-depth-3c28504154\v1\results\model_search\residual_scale_depth\short_screen.pt,43a808afe4de5b474271,PASS
True,5.383177570093458,source_code,72,0.08837200498276139,1.154699973994866,4.59653350148862,0.02220002352260053,brotli-11,107,332.25390625,1.4861111111111112,lt_16KiB,C:\Users\ss\Desktop\XAI\XAI\apps\web_angular\SETUP_WINDOWS.bat,a208d145692f560be957,PASS
True,6.371681415929204,source_code,90,0.05697641852668544,1.891399995656684,4.362966236000401,0.024699984351173043,brotli-11,113,332.25390625,1.2555555555555555,lt_16KiB,C:\Users\ss\Desktop\XAI\XAI\apps\public_nextjs\.next\server\next-font-manifest.js,79bb325c3295747efea3,PASS
True,6.857142857142857,source_code,114,0.07671385193047076,1.6534000169485807,4.993651008264804,0.025399989681318402,brotli-11,133,332.25390625,1.1666666666666667,lt_16KiB,C:\Users\ss\Desktop\XAI\XAI\engines\XAI-Compress\results\model_search\imports\auto\lr-0-0002-f316e33308\v1\XAI-Compress\scripts\kaggle\update_kaggle.ps1,bb914fd114f4206a6405,PASS
True,4.793522267206478,source_code,148,0.1154467539258577,2.0403999951668084,8.323585096788193,0.028300011763349175,brotli-11,247,332.25390625,1.6689189189189189,lt_16KiB,C:\Users\ss\Desktop\XAI\XAI\apps\mobile_authenticator_flutter\SETUP_WINDOWS.bat,f6d794d2819bbe2fb86d,PASS
True,4.850393700787402,source_code,154,0.11560792044221488,2.095300005748868,6.546846953142821,0.036999990697950125,brotli-11,254,332.25390625,1.6493506493506493,lt_16KiB,C:\Users\ss\Desktop\XAI\XAI\apps\web_angular\src\app\core\auth.guard.ts,e04070013dcbd69ecb20,PASS
True,3.7313432835820897,source_code,125,0.12950834523404972,1.9734999805223197,9.396495770850164,0.02720000338740647,brotli-11,268,332.25390625,2.144,lt_16KiB,C:\Users\ss\Desktop\XAI\XAI\apps\public_nextjs\next-env.d.ts,bde3693e1919277f0d4f,PASS
True,3.7142857142857144,source_code,182,0.08542773981645094,4.376099997898564,7.937165359877356,0.04709998029284179,brotli-11,392,332.25390625,2.1538461538461537,lt_16KiB,C:\Users\ss\Desktop\XAI\XAI\apps\web_angular\src\app\app.config.ts,3751e5d534b30709cc70,PASS
True,3.820662768031189,source_code,245,0.09862613082285843,4.96050002402626,9.144578037977507,0.053499999921768904,brotli-11,513,332.25390625,2.093877551020408,lt_16KiB,C:\Users\ss\Desktop\XAI\XAI\apps\public_nextjs\.next\server\middleware-build-manifest.js,3227da1dbc2dfac8e17f,PASS
True,3.796133567662566,source_code,270,0.09147993630461995,5.931799998506904,10.536709527461293,0.05150001379661262,brotli-11,569,332.25390625,2.1074074074074076,lt_16KiB,C:\Users\ss\Desktop\XAI\XAI\apps\web_angular\.angular\cache\20.3.28\xai-web\vite\deps\chunk-N2L2W5DK.js,e82ab03d226a655e5c2f,PASS
True,3.447887323943662,source_code,306,0.12089285058626845,5.600899981800467,12.656238610066335,0.053499999921768904,brotli-11,710,332.25390625,2.320261437908497,lt_16KiB,C:\Users\ss\Desktop\XAI\XAI\apps\mobile_authenticator_flutter\test\totp_service_test.dart,2dcc3b9b19cb845ad6a1,PASS
True,3.001003009027081,source_code,374,0.21473718254399332,4.427799984114245,20.58037318416046,0.046200002543628216,brotli-11,997,332.25390625,2.665775401069519,lt_16KiB,C:\Users\ss\Desktop\XAI\XAI\apps\mobile_authenticator_flutter\lib\services\totp_service.dart,e6054482722e27c4eb52,PASS
True,3.5759312320916905,source_code,468,0.1651390926180019,6.04639999801293,17.010167498216337,0.05870001041330397,brotli-11,1047,332.25390625,2.2371794871794872,lt_16KiB,C:\Users\ss\Desktop\XAI\XAI\apps\public_nextjs\app\pricing\page.tsx,ca528c2924b4d66a7016,PASS
True,2.591549295774648,source_code,368,0.1485824424072242,7.291400019312277,20.09970248219483,0.05390000296756625,brotli-11,1136,332.25390625,3.0869565217391304,lt_16KiB,C:\Users\ss\Desktop\XAI\XAI\apps\mobile_authenticator_flutter\lib\models\authenticator_account.dart,d3b05331d36f10bb2338,PASS
True,3.4485165794066317,source_code,494,0.12613662264761433,8.66449999739416,15.70273952324919,0.06960000609979033,brotli-11,1146,332.25390625,2.3198380566801617,lt_16KiB,C:\Users\ss\Desktop\XAI\XAI\analytics\XAI-Compress-Analysis-Suite\analysis_suite\common.py,af06e08a932131b2bd52,PASS
True,3.7288702928870294,source_code,557,0.1741478297143995,6.544099975144491,20.72073769199264,0.05500001134350896,brotli-11,1195,332.25390625,2.1454219030520645,lt_16KiB,C:\Users\ss\Desktop\XAI\XAI\apps\web_angular\src\app\pages\files.page.ts,af53b59784cf5fa3bd54,PASS
True,3.8378825475599667,source_code,580,0.18086436637095554,6.374899996444583,23.106056337781727,0.04990000161342323,brotli-11,1209,332.25390625,2.0844827586206898,lt_16KiB,C:\Users\ss\Desktop\XAI\XAI\engines\XAI-Compress\results\model_search\imports\auto\lr-0-0002-f316e33308\v1\XAI-Compress\scripts\kaggle\submit_v2_lr_0002_diagnostic.ps1,aa14e7284e6e012d372f,PASS
True,3.702970297029703,source_code,561,0.2229612216905586,5.18410000950098,24.592618279183707,0.04700000863522291,brotli-11,1212,332.25390625,2.160427807486631,lt_16KiB,C:\Users\ss\Desktop\XAI\XAI\apps\public_nextjs\app\docs\page.tsx,f34def9fb472356e4ee0,PASS
True,3.744955609362389,source_code,580,0.18434598781854605,6.409699999494478,20.40764058430836,0.057900004321709275,brotli-11,1239,332.25390625,2.136206896551724,lt_16KiB,C:\Users\ss\Desktop\XAI\XAI\engines\XAI-Compress\results\model_search\imports\auto\lr-0-0002-f316e33308\v1\XAI-Compress\scripts\kaggle\submit_activation_diagnostic.ps1,c3c9844aee9863dd7af6,PASS
True,2.61294964028777,source_code,454,0.21777678598545427,6.087000016123056,20.9416677279835,0.06329998723231256,brotli-11,1390,332.25390625,3.0616740088105727,lt_16KiB,C:\Users\ss\Desktop\XAI\XAI\analytics\XAI-Compress-Analysis-Suite\run_analysis_windows.bat,e1347c6d4abccf03a43d,PASS
True,3.7457627118644066,source_code,663,0.22730227845370335,5.940999981248751,22.81085316973576,0.059200014220550656,brotli-11,1416,332.25390625,2.1357466063348416,lt_16KiB,C:\Users\ss\Desktop\XAI\XAI\apps\public_nextjs\app\architecture\page.tsx,bcc29aefa82f2fc182c3,PASS
True,2.658682634730539,source_code,555,0.21511063345227166,7.4038000020664185,24.768837263406887,0.06429999484680593,brotli-11,1670,332.25390625,3.009009009009009,lt_16KiB,C:\Users\ss\Desktop\XAI\XAI\apps\desktop_flutter\lib\models\app_models.dart,3302eb1afa92cfba09db,PASS
True,2.661879114302813,source_code,556,0.23445832375930112,6.796900008339435,35.491983157370726,0.044899992644786835,brotli-11,1671,332.25390625,3.0053956834532376,lt_16KiB,C:\Users\ss\Desktop\XAI\XAI\apps\public_nextjs\.next\types\routes.d.ts,f99b6bb11feb9d915422,PASS
True,2.7151515151515153,source_code,616,0.042610170896547256,40.62220000196248,21.827478496010794,0.07929999264888465,brotli-11,1815,332.25390625,2.9464285714285716,lt_16KiB,C:\Users\ss\Desktop\XAI\XAI\apps\mobile_authenticator_flutter\lib\models\totp_enrollment.dart,40427eff7bca38574998,PASS
True,2.826017979904812,source_code,668,0.17534425496998507,10.284900024998933,22.85675164442136,0.07890001870691776,brotli-11,1891,332.25390625,2.8308383233532934,lt_16KiB,C:\Users\ss\Desktop\XAI\XAI\engines\XAI-Compress\results\model_search\imports\auto\lr-0-0002-f316e33308\v1\XAI-Compress\scripts\kaggle\deploy.ps1,c68f5cb0f6b58db64c57,PASS
True,2.1516095534787123,source_code,518,0.14002277330304347,13.117700000293553,29.108988104325494,0.06309998570941389,brotli-11,1926,332.25390625,3.718146718146718,lt_16KiB,C:\Users\ss\Desktop\XAI\XAI\apps\web_angular\.angular\cache\20.3.28\xai-web\vite\deps\@angular_platform-browser.js,437449734e245885bdcf,PASS
True,2.5497588776852256,source_code,727,0.17781755976656022,12.23349999054335,24.77598105267694,0.08779999916441739,brotli-11,2281,332.25390625,3.137551581843191,lt_16KiB,C:\Users\ss\Desktop\XAI\XAI\engines\XAI-Compress\measure_block_benchmark.py,0f0daf031d676ef8bbf4,PASS
True,2.542475204829668,source_code,737,0.05233458849695927,42.25829997449182,25.715934479843572,0.08600001456215978,brotli-11,2319,332.25390625,3.1465400271370423,lt_16KiB,C:\Users\ss\Desktop\XAI\XAI\apps\admin_dotnet\Services\PlatformApiClient.cs,0d2d1d7dc57adc8c4df6,PASS
True,1.6908939014202171,source_code,506,0.3014704893627387,7.573200011393055,58.540922218159295,0.039000005926936865,brotli-11,2394,332.25390625,4.7312252964426875,lt_16KiB,C:\Users\ss\Desktop\XAI\XAI\apps\mobile_authenticator_flutter\android\app\src\main\java\io\flutter\plugins\GeneratedPluginRegistrant.java,f03df6e2a8c5298d2e1c,PASS
True,3.5435861091424523,source_code,1250,0.31156518613809814,8.637899998575449,48.14435502723213,0.055899989092722535,brotli-11,2822,332.25390625,2.2576,lt_16KiB,C:\Users\ss\Desktop\XAI\XAI\engines\XAI-Compress\results\model_search\imports\auto\lr-0-0002-f316e33308\v1\XAI-Compress\scripts\kaggle\run_lossless_v2_gradient_diagnostic.py,0d576738205abc00ed6e,PASS
True,2.801611278952669,source_code,1391,0.34897916863404754,10.854499996639788,50.98243898770353,0.07429998368024826,brotli-11,3972,332.25390625,2.8554996405463697,lt_16KiB,C:\Users\ss\Desktop\XAI\XAI\engines\XAI-Compress\results\model_search\imports\auto\lr-0-0002-f316e33308\v1\XAI-Compress\scripts\build_three_mode_report.py,9bfffccf3eb1ba81df60,PASS
True,2.72127417519909,source_code,1495,0.243140314144233,17.23860000493005,39.42990439267996,0.10629999451339245,brotli-11,4395,332.25390625,2.939799331103679,lt_16KiB,C:\Users\ss\Desktop\XAI\XAI\engines\XAI-Compress\results\model_search\imports\auto\lr-0-0002-f316e33308\v1\XAI-Compress\scripts\generate_report.py,2da37eefbc61febd2975,PASS
True,2.587516960651289,source_code,1907,0.23997335890073057,23.431200010236353,44.41441472093191,0.12659997446462512,brotli-11,5896,332.25390625,3.091767173571054,lt_16KiB,C:\Users\ss\Desktop\XAI\XAI\analytics\XAI-Compress-Analysis-Suite\generate_report.py,14d03c12483022a2865d,PASS
True,0.5336326465164756,source_code,832,0.09796818736811086,121.41880000126548,132.90706153363882,0.08949998300522566,brotli-11,12473,332.25390625,14.991586538461538,lt_16KiB,C:\Users\ss\Desktop\XAI\XAI\apps\public_nextjs\.next\server\app\page_client-reference-manifest.js,d70e480f35e3d065646a,PASS
True,2.0309146401496503,source_code,5157,0.2760503863391766,70.1790000020992,52.629556081601415,0.36810000892728567,brotli-11,20314,332.25390625,3.9391118867558657,16_64KiB,C:\Users\ss\Desktop\XAI\XAI\apps\public_nextjs\.next\server\webpack-runtime.js,0ff9b372da6fcecbdc8a,PASS
True,2.4980371955876866,source_code,35158,0.22407913822995174,479.19679997721687,96.32906341381903,1.1146999895572662,brotli-11,112594,332.25390625,3.20251436372945,64KiB_1MiB,C:\Users\ss\Desktop\XAI\XAI\apps\public_nextjs\.next\static\chunks\polyfills.js,8abb57b457777e88f55e,PASS
True,1.1389783389320052,source_code,24582,0.16734559738126548,983.9602000138257,261.32583491296634,0.6300999957602471,brotli-11,172660,332.25390625,7.023838581075584,64KiB_1MiB,C:\Users\ss\Desktop\XAI\XAI\apps\web_angular\.angular\cache\20.3.28\xai-web\vite\deps\chunk-RSS3ODKE.js,0cbec22b5580244ca3cd,PASS
True,1.3999012454051682,source_code,38274,0.23627837176068006,882.8208000049926,152.30101062075204,1.3695999805349857,brotli-11,218724,332.25390625,5.7146888226994825,64KiB_1MiB,C:\Users\ss\Desktop\XAI\XAI\apps\web_angular\.angular\cache\20.3.28\xai-web\vite\deps\@angular_router.js,0176cdda1aac09477d97,PASS
True,6.909090909090909,text,95,0.05071999932682529,2.06830000388436,2.6424237270367374,0.03969998215325177,brotli-11,110,332.25390625,1.1578947368421053,lt_16KiB,C:\Users\ss\Desktop\XAI\XAI\engines\XAI-Compress\requirements.txt,0ebdf4283c5b6a0215ac,PASS
True,2.6318082788671022,text,604,0.23639710076055898,7.406799995806068,34.603672028634485,0.05060000694356859,brotli-11,1836,332.25390625,3.0397350993377485,lt_16KiB,C:\Users\ss\Desktop\XAI\XAI\apps\desktop_flutter\windows\runner\CMakeLists.txt,4bb6ea144fbc0976bcbe,PASS
True,7.986887420458777,video,1469152,0.27154180128324257,5168.238499987638,475.8392828314063,2.9492999892681837,brotli-11,1471564,332.25390625,1.0016417634118184,1_10MiB,C:\Users\ss\Desktop\XAI\XAI\engines\XAI-Compress\data\test\archive (1)\FaceForensics++_C23\DeepFakeDetection\02_09__walk_down_hall_angry__6KUOFMZW.mp4,48e21ec2f07a239cb0db,PASS
True,7.986449199828316,video,1563012,0.24004729536427669,6220.163999998476,138.4287053721592,10.786300001200289,brotli-11,1565664,332.25390625,1.001696724017474,1_10MiB,C:\Users\ss\Desktop\XAI\XAI\engines\XAI-Compress\data\test\archive (1)\FaceForensics++_C23\DeepFakeDetection\02_18__walk_down_hall_angry__B95S4G6F.mp4,75ac8e38c89544f86012,PASS
True,7.9861543568323725,video,1645031,0.2376885005014415,6611.778399994364,307.7957802831689,5.105799995362759,brotli-11,1647883,332.25390625,1.0017337059301619,1_10MiB,C:\Users\ss\Desktop\XAI\XAI\engines\XAI-Compress\data\test\archive (1)\FaceForensics++_C23\DeepFakeDetection\02_18__exit_phone_room__OXMEEFUQ.mp4,f887056a858ef5d79853,PASS
True,8.00002759908647,video,2608791,0.31545012960764846,7886.91510001081,778.4994016220409,3.19580000359565,brotli-11,2608782,332.25390625,0.9999965501260929,1_10MiB,C:\Users\ss\Desktop\XAI\XAI\engines\XAI-Compress\data\test\archive (1)\FaceForensics++_C23\DeepFakeDetection\03_26__walk_down_hall_angry__WBSXBL82.mp4,84dcd2e350a766eef717,PASS
True,7.98633941650679,video,2640758,0.39242325270396516,6428.596699988702,522.6291338073598,4.82699999702163,brotli-11,2645275,332.25390625,1.0017104937294519,1_10MiB,C:\Users\ss\Desktop\XAI\XAI\engines\XAI-Compress\data\test\archive (1)\FaceForensics++_C23\DeepFakeDetection\05_16__walk_down_hall_angry__U9WZI5LK.mp4,b46249238a82a1760029,PASS
True,7.9856709915114426,video,2690683,0.32118827112475024,8003.52890000795,576.9069316540185,4.4559000234585255,brotli-11,2695511,332.25390625,1.0017943399501168,1_10MiB,C:\Users\ss\Desktop\XAI\XAI\engines\XAI-Compress\data\test\archive (1)\FaceForensics++_C23\DeepFakeDetection\03_14__walk_down_hall_angry__P1L5PF4I.mp4,cfa60713b94c4cf8ad0a,PASS
True,7.985075258868039,video,2852206,0.26782598336542157,10175.113000004785,371.7461696247323,7.330699998419732,brotli-11,2857537,332.25390625,1.0018690795826108,1_10MiB,C:\Users\ss\Desktop\XAI\XAI\engines\XAI-Compress\data\test\archive (1)\FaceForensics++_C23\DeepFakeDetection\02_01__walking_outside_cafe_disgusted__YVGY8LOK.mp4,040d6cd1913e63d0bf50,PASS
True,7.989299692475116,video,3024647,0.34379093692404894,8401.592900016112,376.0730547826253,7.680400012759492,brotli-11,3028698,332.25390625,1.0013393298457638,1_10MiB,C:\Users\ss\Desktop\XAI\XAI\engines\XAI-Compress\data\test\archive (1)\FaceForensics++_C23\DeepFakeDetection\04_13__walking_outside_cafe_disgusted__00T3UYOR.mp4,916ee0944afa41eaebe4,PASS
True,7.989039148190468,video,3051051,0.3799303309746423,7669.040400010999,442.7646087833005,6.580699991900474,brotli-11,3055237,332.25390625,1.001371986243429,1_10MiB,C:\Users\ss\Desktop\XAI\XAI\engines\XAI-Compress\data\test\archive (1)\FaceForensics++_C23\DeepFakeDetection\04_27__walking_outside_cafe_disgusted__2CCI2ND1.mp4,5fbf7e5d425ea2cedf79,PASS
True,8.000031307784877,video,3066342,0.44180975899300523,6618.867300014244,1052.4293302002673,2.7786000282503664,brotli-11,3066330,332.25390625,0.9999960865422056,1_10MiB,C:\Users\ss\Desktop\XAI\XAI\engines\XAI-Compress\data\test\archive (1)\FaceForensics++_C23\DeepFakeDetection\01_12__outside_talking_pan_laughing__TNI7KUZ6.mp4,8e0163f8d08517f2bfbd,PASS
True,7.97763979163042,video,3461821,0.3535731515597646,9363.559599994915,342.79742795293714,9.657899994635954,brotli-11,3471524,332.25390625,1.002802860113218,1_10MiB,C:\Users\ss\Desktop\XAI\XAI\engines\XAI-Compress\data\test\archive (1)\FaceForensics++_C23\DeepFakeDetection\01_02__talking_against_wall__YVGY8LOK.mp4,7949ac89c2483924ee9c,PASS
True,8.000026222873666,video,3660938,0.4976276700443557,7015.950500004692,739.2815584453457,4.722600016975775,brotli-11,3660926,332.25390625,0.999996722151536,1_10MiB,C:\Users\ss\Desktop\XAI\XAI\engines\XAI-Compress\data\test\archive (1)\FaceForensics++_C23\DeepFakeDetection\02_27__walking_down_street_outside_angry__3L1MLH3D.mp4,e24ad89f350ae852f7b8,PASS
True,7.9886748061228285,video,3948066,0.4644797913199355,8117.698399990331,886.5731304997516,4.252899991115555,brotli-11,3953663,332.25390625,1.0014176561384738,1_10MiB,C:\Users\ss\Desktop\XAI\XAI\engines\XAI-Compress\data\test\archive (1)\FaceForensics++_C23\DeepFakeDetection\03_11__exit_phone_room__P08VGHTA.mp4,e1d9664ac99aeab9bd8f,PASS
True,7.982727186053846,video,4081758,0.40090482373109004,9730.715100013185,429.7443869854744,9.07770000048913,brotli-11,4090590,332.25390625,1.0021637735505142,1_10MiB,C:\Users\ss\Desktop\XAI\XAI\engines\XAI-Compress\data\test\archive (1)\FaceForensics++_C23\DeepFakeDetection\06_03__talking_against_wall__4I8LRXWF.mp4,c4a941def8a08ccf229a,PASS
True,7.986910514001928,video,4550094,0.4080673702502321,10651.22979998705,276.0893447071653,15.742799994768575,brotli-11,4557551,332.25390625,1.0016388672409844,1_10MiB,C:\Users\ss\Desktop\XAI\XAI\engines\XAI-Compress\data\test\archive (1)\FaceForensics++_C23\DeepFakeDetection\06_12__outside_talking_still_laughing__3K21NFNM.mp4,f87b4ba16c61fc6e0d45,PASS
True,8.000027058290321,video,5026203,0.489267599718588,9796.979200007627,1133.5267384036254,4.228699981467798,brotli-11,5026186,332.25390625,0.9999966177251496,1_10MiB,C:\Users\ss\Desktop\XAI\XAI\engines\XAI-Compress\data\test\archive (1)\FaceForensics++_C23\DeepFakeDetection\01_20__outside_talking_pan_laughing__OTGHOG4Z.mp4,546ace30fb0bb2e3783b,PASS
True,8.0000269333064,video,5049527,0.48675419990076385,9893.26440001605,1037.7304157562298,4.640500003006309,brotli-11,5049510,332.25390625,0.9999966333480343,1_10MiB,C:\Users\ss\Desktop\XAI\XAI\engines\XAI-Compress\data\test\archive (1)\FaceForensics++_C23\DeepFakeDetection\01_15__outside_talking_pan_laughing__02HILKYO.mp4,f34934e8101b36854b29,PASS
True,8.000026330906309,video,5165050,0.4591390905490906,10728.250799991656,1083.0605361849628,4.5479999971576035,brotli-11,5165033,332.25390625,0.9999967086475445,1_10MiB,C:\Users\ss\Desktop\XAI\XAI\engines\XAI-Compress\data\test\archive (1)\FaceForensics++_C23\DeepFakeDetection\03_07__talking_against_wall__PWXXULHR.mp4,d8bdce51a4d8290a41bc,PASS
True,8.000026198095744,video,5191234,0.5032421317094911,9837.67059998354,1037.1714177568876,4.773299995576963,brotli-11,5191217,332.25390625,0.9999967252487559,1_10MiB,C:\Users\ss\Desktop\XAI\XAI\engines\XAI-Compress\data\test\archive (1)\FaceForensics++_C23\DeepFakeDetection\03_26__talking_against_wall__WBSXBL82.mp4,302a07d24b61368de502,PASS
True,7.988591420317138,video,5283210,0.4620121851223491,10921.047799987718,973.9522731450492,5.180600011954084,brotli-11,5290755,332.25390625,1.0014281090473405,1_10MiB,C:\Users\ss\Desktop\XAI\XAI\engines\XAI-Compress\data\test\archive (1)\FaceForensics++_C23\DeepFakeDetection\01_02__outside_talking_still_laughing__YVGY8LOK.mp4,ea302a0aad67d6028fa2,PASS
True,7.991986441332215,video,5610855,0.4246552715894478,12613.274899980752,550.498328229482,9.729899989906698,brotli-11,5616481,332.25390625,1.0010026992321135,1_10MiB,C:\Users\ss\Desktop\XAI\XAI\engines\XAI-Compress\data\test\archive (1)\FaceForensics++_C23\DeepFakeDetection\03_26__kitchen_pan__WBSXBL82.mp4,64d82f0eb41570cacc9e,PASS
True,7.9919716204464075,video,5618405,0.33675641596444333,15926.97520001093,374.35863891473394,14.32719998410903,brotli-11,5624049,332.25390625,1.001004555563367,1_10MiB,C:\Users\ss\Desktop\XAI\XAI\engines\XAI-Compress\data\test\archive (1)\FaceForensics++_C23\DeepFakeDetection\03_15__kitchen_pan__DNUJD8M2.mp4,1dd1e1cbeb37c92a23c9,PASS
True,7.991991235182819,video,5634175,0.3172184905366407,16955.355999991298,375.1283266072088,14.337900007376447,brotli-11,5639821,332.25390625,1.0010020987988482,1_10MiB,C:\Users\ss\Desktop\XAI\XAI\engines\XAI-Compress\data\test\archive (1)\FaceForensics++_C23\DeepFakeDetection\03_13__kitchen_pan__GBYWJW06.mp4,7030656a47ddcae4e881,PASS
True,7.992015791489432,video,5691560,0.31539174560111516,17227.201600006083,499.9555725191915,10.86760000907816,brotli-11,5697246,332.25390625,1.0009990231149282,1_10MiB,C:\Users\ss\Desktop\XAI\XAI\engines\XAI-Compress\data\test\archive (1)\FaceForensics++_C23\DeepFakeDetection\03_09__kitchen_pan__8DTEGQ54.mp4,349a429b63ba827da16d,PASS
True,7.990283637208881,video,5706310,0.18893129979410273,28838.942200003657,328.18612331971445,16.602099989540875,brotli-11,5713249,332.25390625,1.0012160222630737,1_10MiB,C:\Users\ss\Desktop\XAI\XAI\engines\XAI-Compress\data\test\archive (1)\FaceForensics++_C23\DeepFakeDetection\05_17__walking_down_street_outside_angry__M3H96PDQ.mp4,769bc1050e1bcf06e990,PASS
True,7.989820470173265,video,5770518,0.17917141810937817,30753.82380001247,276.52238325523206,19.926799985114485,brotli-11,5777870,332.25390625,1.0012740623978644,1_10MiB,C:\Users\ss\Desktop\XAI\XAI\engines\XAI-Compress\data\test\archive (1)\FaceForensics++_C23\DeepFakeDetection\06_07__kitchen_pan__NMGYPBXE.mp4,7e893633dd0f5d20713c,PASS
True,7.986152266897044,video,6041057,0.11429937900929418,50491.880999994464,85.0389027082834,67.86529999226332,brotli-11,6051532,332.25390625,1.001733968078765,1_10MiB,C:\Users\ss\Desktop\XAI\XAI\engines\XAI-Compress\data\test\archive (1)\FaceForensics++_C23\DeepFakeDetection\03_01__meeting_serious__JZUXXFRB.mp4,a2d1deaf6beae2b754df,PASS
True,8.000025675282863,video,6543279,0.10489866542919662,59487.287799973274,238.17044466476926,26.200299995252863,brotli-11,6543258,332.25390625,0.9999967905999423,1_10MiB,C:\Users\ss\Desktop\XAI\XAI\engines\XAI-Compress\data\test\archive (1)\FaceForensics++_C23\DeepFakeDetection\02_09__kitchen_pan__9TDCEK1Q.mp4,adacdb3fb3b269d0e4ec,PASS
True,8.000025654534209,video,6548571,0.17731865275904524,35220.1184000005,416.27344212075093,15.002600004663691,brotli-11,6548550,332.25390625,0.9999967931935074,1_10MiB,C:\Users\ss\Desktop\XAI\XAI\engines\XAI-Compress\data\test\archive (1)\FaceForensics++_C23\DeepFakeDetection\02_13__kitchen_pan__2YSYT2N3.mp4,2d972416e5ea584e6e99,PASS
True,7.988383362134055,video,6715760,0.2602226737485209,24647.972900012974,421.7353065819048,15.208500000881031,brotli-11,6725526,332.25390625,1.001454191335009,1_10MiB,C:\Users\ss\Desktop\XAI\XAI\engines\XAI-Compress\data\test\archive (1)\FaceForensics++_C23\DeepFakeDetection\03_15__outside_talking_still_laughing__DNUJD8M2.mp4,575ac6afd2f60f8f7362,PASS
True,7.9881950332517935,video,7787920,0.21470891985632382,34642.78580000973,227.10484339219846,32.75189999840222,brotli-11,7799429,332.25390625,1.0014778015182488,1_10MiB,C:\Users\ss\Desktop\XAI\XAI\engines\XAI-Compress\data\test\archive (1)\FaceForensics++_C23\DeepFakeDetection\02_13__podium_speech_happy__2YSYT2N3.mp4,ceb68a8868bcd038b876,PASS
True,7.991355019975388,video,8051459,0.22752939861025584,33783.66139999707,325.9553204227223,23.582300025736913,brotli-11,8060169,332.25390625,1.0010817915113273,1_10MiB,C:\Users\ss\Desktop\XAI\XAI\engines\XAI-Compress\data\test\archive (1)\FaceForensics++_C23\DeepFakeDetection\04_01__kitchen_still__6I623VU9.mp4,3195eee4a59ac79f4da4,PASS
True,7.98926971278582,video,8368778,0.19437904360906094,41114.555299980566,228.58489458346716,34.962099976837635,brotli-11,8380018,332.25390625,1.0013430873659213,1_10MiB,C:\Users\ss\Desktop\XAI\XAI\engines\XAI-Compress\data\test\archive (1)\FaceForensics++_C23\DeepFakeDetection\02_06__podium_speech_happy__SU4OQCS9.mp4,a8eee5cb651502b76851,PASS
True,8.000025352112983,video,9151140,0.2464633895451613,35409.63850001572,598.2191240131278,14.588600024580956,brotli-11,9151111,332.25390625,0.9999968309959196,1_10MiB,C:\Users\ss\Desktop\XAI\XAI\engines\XAI-Compress\data\test\archive (1)\FaceForensics++_C23\DeepFakeDetection\03_26__kitchen_still__WBSXBL82.mp4,65aad6920755198ffc44,PASS
True,7.99510737310163,video,16292111,0.2736653074551218,56809.81669999892,542.6332233030002,28.650799999013543,brotli-11,16302081,332.25390625,1.000611952619277,gt_10MiB,C:\Users\ss\Desktop\XAI\XAI\engines\XAI-Compress\data\test\archive (1)\FaceForensics++_C23\DeepFakeDetection\06_14__walking_and_outside_surprised__8U9ULZDT.mp4,c70842272825dd567ecc,PASS
True,7.994012306835468,video,17202426,0.2875627770810318,57092.92459997232,674.7272144864476,24.33250000467524,brotli-11,17215311,332.25390625,1.0007490222599997,gt_10MiB,C:\Users\ss\Desktop\XAI\XAI\engines\XAI-Compress\data\test\archive (1)\FaceForensics++_C23\DeepFakeDetection\02_06__talking_angry_couch__GH8TGTBS.mp4,b4d46d60eb50f24fdd68,PASS
True,7.994049147347792,video,17217655,0.28867269316386746,56923.49500002456,425.3733764577592,38.63019999698736,brotli-11,17230472,332.25390625,1.000744410316039,gt_10MiB,C:\Users\ss\Desktop\XAI\XAI\engines\XAI-Compress\data\test\archive (1)\FaceForensics++_C23\DeepFakeDetection\02_21__talking_angry_couch__Z0XHPQAR.mp4,c63e295b1deea7522a47,PASS
True,8.000025044615537,video,20763011,0.2417401474891685,81910.6322999869,830.5094071664444,23.84209999581799,brotli-11,20762946,332.25390625,0.9999968694328583,gt_10MiB,C:\Users\ss\Desktop\XAI\XAI\engines\XAI-Compress\data\test\archive (1)\FaceForensics++_C23\DeepFakeDetection\02_15__walking_and_outside_surprised__MZWH8ATN.mp4,f256aca58bd68b60e728,PASS
True,7.9948760542743695,video,21418194,0.20741715961404156,98540.895299986,267.7359904877957,76.34040000266396,brotli-11,21431921,332.25390625,1.000640903710182,gt_10MiB,C:\Users\ss\Desktop\XAI\XAI\engines\XAI-Compress\data\test\archive (1)\FaceForensics++_C23\DeepFakeDetection\06_15__walking_down_indoor_hall_disgust__QRCD27P8.mp4,e87d288b25a817ae2dc3,PASS
True,7.995351908532474,video,25072710,0.2259240661277851,105898.85679999134,662.4203738136447,36.117699986789376,brotli-11,25087286,332.25390625,1.0005813492039752,gt_10MiB,C:\Users\ss\Desktop\XAI\XAI\engines\XAI-Compress\data\test\archive (1)\FaceForensics++_C23\DeepFakeDetection\03_14__walking_down_indoor_hall_disgust__KJ221YN0.mp4,0cb4f04242bea81d03dc,PASS
