confidence,model,optimal_strategy,profile,regret,sample_id,selected_strategy,source_category,top1_correct,top2_recall,top3_recall
N/A,rule_based,raw|default|identity,smallest,0.0,83006c8d53bccd432146,raw|default|identity,logs,True,True,True
N/A,rule_based,raw|default|identity,fastest,0.0,83006c8d53bccd432146,raw|default|identity,logs,True,True,True
N/A,rule_based,raw|default|identity,balanced,0.0,83006c8d53bccd432146,raw|default|identity,logs,True,True,True
N/A,rule_based,brotli|11|identity,smallest,0.07817915923137082,af06e08a932131b2bd52,zstd|9|identity,source_code,False,False,False
N/A,rule_based,zstd|3|identity,fastest,0.008964243653032215,af06e08a932131b2bd52,zstd|1|identity,source_code,False,False,False
N/A,rule_based,deflate|9|identity,balanced,0.016929203598571294,af06e08a932131b2bd52,zstd|9|identity,source_code,False,False,False
N/A,rule_based,deflate|9|identity,smallest,0.193053384918032,c00053085b900f5df548,raw|default|identity,archive,False,False,False
N/A,rule_based,raw|default|identity,fastest,0.0,c00053085b900f5df548,raw|default|identity,archive,True,True,True
N/A,rule_based,deflate|9|identity,balanced,0.037440687590388766,c00053085b900f5df548,raw|default|identity,archive,False,False,False
N/A,rule_based,brotli|11|identity,smallest,0.9425261515404465,1dd8a06c1d6eba581589,raw|default|identity,model,False,False,False
N/A,rule_based,zstd|9|identity,fastest,0.032151690948769414,1dd8a06c1d6eba581589,raw|default|identity,model,False,False,False
N/A,rule_based,brotli|6|identity,balanced,0.3899396431216374,1dd8a06c1d6eba581589,raw|default|identity,model,False,False,False
N/A,rule_based,brotli|6|identity,smallest,0.953629551005407,ea302a0aad67d6028fa2,raw|default|identity,video,False,False,False
N/A,rule_based,zstd|3|identity,fastest,0.03794223641445056,ea302a0aad67d6028fa2,raw|default|identity,video,False,False,False
N/A,rule_based,brotli|6|identity,balanced,0.43090877534426664,ea302a0aad67d6028fa2,raw|default|identity,video,False,False,False
N/A,rule_based,raw|default|identity,smallest,0.0,86aebd2a6ca744d6ce03,raw|default|identity,archive,True,True,True
N/A,rule_based,raw|default|identity,fastest,0.0,86aebd2a6ca744d6ce03,raw|default|identity,archive,True,True,True
N/A,rule_based,raw|default|identity,balanced,0.0,86aebd2a6ca744d6ce03,raw|default|identity,archive,True,True,True
N/A,rule_based,brotli|11|identity,smallest,0.04001329662461177,14d03c12483022a2865d,brotli|9|identity,source_code,False,False,False
N/A,rule_based,zstd|3|identity,fastest,0.0015712919058854212,14d03c12483022a2865d,zstd|1|identity,source_code,False,False,False
N/A,rule_based,deflate|6|identity,balanced,0.09329216302393027,14d03c12483022a2865d,brotli|9|identity,source_code,False,False,False
N/A,rule_based,brotli|11|identity,smallest,0.9443842000890523,7949ac89c2483924ee9c,raw|default|identity,video,False,False,False
N/A,rule_based,zstd|1|identity,fastest,0.03867517729927247,7949ac89c2483924ee9c,raw|default|identity,video,False,True,True
N/A,rule_based,brotli|6|identity,balanced,0.4312437822906723,7949ac89c2483924ee9c,raw|default|identity,video,False,False,False
N/A,rule_based,brotli|11|identity,smallest,0.26080968877999366,50bbd74ef7529f18b9d2,zstd|9|identity,csv,False,False,False
N/A,rule_based,zstd|9|identity,fastest,0.0062868846501419814,50bbd74ef7529f18b9d2,zstd|1|identity,csv,False,False,False
N/A,rule_based,brotli|4|identity,balanced,0.03785577829172811,50bbd74ef7529f18b9d2,zstd|9|identity,csv,False,False,False
N/A,rule_based,lzma2|6|identity,smallest,0.03291648160679812,8532a7e7c38dfc36aa1a,brotli|9|identity,executable,False,True,True
N/A,rule_based,deflate|1|identity,fastest,0.0021076768710349934,8532a7e7c38dfc36aa1a,zstd|1|identity,executable,False,True,True
N/A,rule_based,zstd|9|identity,balanced,0.026031974835708217,8532a7e7c38dfc36aa1a,brotli|9|identity,executable,False,False,False
N/A,rule_based,brotli|11|identity,smallest,0.023011343869684835,e1347c6d4abccf03a43d,brotli|9|identity,source_code,False,False,False
N/A,rule_based,zstd|6|identity,fastest,0.0045352952003471295,e1347c6d4abccf03a43d,zstd|1|identity,source_code,False,False,False
N/A,rule_based,deflate|9|identity,balanced,0.07244650729975205,e1347c6d4abccf03a43d,brotli|9|identity,source_code,False,False,False
N/A,rule_based,brotli|11|identity,smallest,0.05955799219469135,4bb6ea144fbc0976bcbe,brotli|9|identity,text,False,False,False
N/A,rule_based,zstd|3|identity,fastest,0.0019095760881292084,4bb6ea144fbc0976bcbe,zstd|1|identity,text,False,False,False
N/A,rule_based,brotli|4|identity,balanced,0.08612853753325277,4bb6ea144fbc0976bcbe,brotli|9|identity,text,False,False,False
N/A,rule_based,brotli|11|identity,smallest,0.0005683488037370177,b431de9bd8324ec90c36,brotli|9|identity,image,False,False,False
N/A,rule_based,zstd|6|identity,fastest,0.003046350235934558,b431de9bd8324ec90c36,zstd|1|identity,image,False,False,False
N/A,rule_based,zstd|6|identity,balanced,0.08102349648818583,b431de9bd8324ec90c36,brotli|9|identity,image,False,False,False
N/A,rule_based,brotli|11|identity,smallest,0.9436498727192841,0f2fe15d122a243582d7,raw|default|identity,model,False,False,False
N/A,rule_based,zstd|9|identity,fastest,0.03442426139936906,0f2fe15d122a243582d7,raw|default|identity,model,False,False,False
N/A,rule_based,brotli|6|identity,balanced,0.39211793930247363,0f2fe15d122a243582d7,raw|default|identity,model,False,False,False
N/A,rule_based,brotli|4|identity,smallest,0.0005506339396689503,dfc1d98f85ad6d98296f,brotli|9|identity,text,False,False,False
N/A,rule_based,deflate|1|identity,fastest,0.002133919029603854,dfc1d98f85ad6d98296f,zstd|1|identity,text,False,True,True
N/A,rule_based,zstd|6|identity,balanced,0.0264244658612221,dfc1d98f85ad6d98296f,brotli|9|identity,text,False,False,False
N/A,rule_based,brotli|11|identity,smallest,0.048601750266058154,719549724763a3953a3a,brotli|9|identity,json,False,False,False
N/A,rule_based,zstd|6|identity,fastest,0.015192471195493926,719549724763a3953a3a,zstd|1|identity,json,False,False,False
N/A,rule_based,deflate|9|identity,balanced,0.02076618399066757,719549724763a3953a3a,brotli|9|identity,json,False,False,False
N/A,rule_based,brotli|11|identity,smallest,0.9421618385209322,877d1082be38e6b19065,raw|default|identity,model,False,False,False
N/A,rule_based,zstd|9|identity,fastest,0.03325743034144549,877d1082be38e6b19065,raw|default|identity,model,False,False,False
N/A,rule_based,brotli|6|identity,balanced,0.3932140607047131,877d1082be38e6b19065,raw|default|identity,model,False,False,False
N/A,rule_based,brotli|11|identity,smallest,0.43028422237766023,ab9fd50e606430ff1ad4,raw|default|identity,archive,False,False,False
N/A,rule_based,zstd|9|identity,fastest,0.017321467833258424,ab9fd50e606430ff1ad4,raw|default|identity,archive,False,False,False
N/A,rule_based,deflate|9|identity,balanced,0.18482880788282222,ab9fd50e606430ff1ad4,raw|default|identity,archive,False,False,False
N/A,rule_based,brotli|11|identity,smallest,0.005295195381303998,801658a38cf0cafec5ef,brotli|9|identity,image,False,False,False
N/A,rule_based,zstd|3|identity,fastest,0.003523405147910788,801658a38cf0cafec5ef,zstd|1|identity,image,False,False,False
N/A,rule_based,zstd|6|identity,balanced,0.0939733388925543,801658a38cf0cafec5ef,brotli|9|identity,image,False,False,False
N/A,rule_based,brotli|11|identity,smallest,0.1157859133942242,f8acbe64385c0bc28390,brotli|9|identity,markdown,False,False,False
N/A,rule_based,zstd|3|identity,fastest,0.004800759800016437,f8acbe64385c0bc28390,zstd|1|identity,markdown,False,False,False
N/A,rule_based,deflate|6|identity,balanced,0.11916711379175603,f8acbe64385c0bc28390,brotli|9|identity,markdown,False,False,False
N/A,rule_based,brotli|11|identity,smallest,0.1418627418764623,1cff286a0579303a0e2e,brotli|9|identity,markdown,False,False,False
N/A,rule_based,zstd|3|identity,fastest,0.007928754906147965,1cff286a0579303a0e2e,zstd|1|identity,markdown,False,False,False
N/A,rule_based,deflate|9|identity,balanced,0.06836265385051804,1cff286a0579303a0e2e,brotli|9|identity,markdown,False,False,False
N/A,rule_based,brotli|11|identity,smallest,0.08295779779136643,8028fd8746ec7555a569,brotli|9|identity,markdown,False,False,False
N/A,rule_based,zstd|3|identity,fastest,0.0023320059678016702,8028fd8746ec7555a569,zstd|1|identity,markdown,False,False,False
N/A,rule_based,deflate|6|identity,balanced,0.04223569154801905,8028fd8746ec7555a569,brotli|9|identity,markdown,False,False,False
N/A,rule_based,brotli|11|identity,smallest,0.034632182139798476,5cfd18ecb4615302b290,brotli|9|identity,binary,False,False,False
N/A,rule_based,zstd|3|identity,fastest,0.0033423912553536966,5cfd18ecb4615302b290,zstd|1|identity,binary,False,False,False
N/A,rule_based,deflate|6|identity,balanced,0.08675444765999603,5cfd18ecb4615302b290,brotli|9|identity,binary,False,False,False
N/A,rule_based,brotli|11|identity,smallest,0.042635654386994765,63b80d177dabc1b0609f,brotli|9|identity,executable,False,False,False
N/A,rule_based,zstd|3|identity,fastest,0.0011889197580068032,63b80d177dabc1b0609f,zstd|1|identity,executable,False,False,False
N/A,rule_based,zstd|9|identity,balanced,0.06850651308908765,63b80d177dabc1b0609f,brotli|9|identity,executable,False,False,False
N/A,rule_based,brotli|11|identity,smallest,0.14549880199766102,2b5091e58cb6922ad60d,brotli|9|identity,markdown,False,False,False
N/A,rule_based,zstd|3|identity,fastest,0.004814312433219219,2b5091e58cb6922ad60d,zstd|1|identity,markdown,False,False,False
N/A,rule_based,brotli|4|identity,balanced,0.040434903530040534,2b5091e58cb6922ad60d,brotli|9|identity,markdown,False,False,False
N/A,rule_based,brotli|11|identity,smallest,0.01318276665781861,0d2d1d7dc57adc8c4df6,brotli|9|identity,source_code,False,False,False
N/A,rule_based,zstd|6|identity,fastest,0.0039306834257366065,0d2d1d7dc57adc8c4df6,zstd|1|identity,source_code,False,False,False
N/A,rule_based,deflate|6|identity,balanced,0.06417840179566253,0d2d1d7dc57adc8c4df6,brotli|9|identity,source_code,False,False,False
N/A,rule_based,brotli|11|identity,smallest,0.07218474890151456,d3bde520fa745484d111,zstd|9|identity,json,False,False,False
N/A,rule_based,deflate|9|identity,fastest,0.02296547727244014,d3bde520fa745484d111,zstd|1|identity,json,False,False,False
N/A,rule_based,deflate|9|identity,balanced,0.01930368528338993,d3bde520fa745484d111,zstd|9|identity,json,False,False,False
N/A,rule_based,brotli|11|identity,smallest,0.010686752612287628,cd260a4c13627b0f1896,brotli|9|identity,logs,False,False,False
N/A,rule_based,zstd|3|identity,fastest,0.0013167962484514212,cd260a4c13627b0f1896,zstd|1|identity,logs,False,False,False
N/A,rule_based,zstd|6|identity,balanced,0.06861328029425637,cd260a4c13627b0f1896,brotli|9|identity,logs,False,False,False
N/A,rule_based,brotli|11|identity,smallest,0.007042642962605733,5b2a797175be2fc16d7c,brotli|9|identity,json,False,False,False
N/A,rule_based,zstd|3|identity,fastest,0.0016647418775193948,5b2a797175be2fc16d7c,zstd|1|identity,json,False,False,False
N/A,rule_based,deflate|6|identity,balanced,0.05661494112480092,5b2a797175be2fc16d7c,brotli|9|identity,json,False,False,False
N/A,rule_based,brotli|11|identity,smallest,0.007171424068512056,3302eb1afa92cfba09db,brotli|9|identity,source_code,False,False,False
N/A,rule_based,zstd|3|identity,fastest,0.0052792026612727885,3302eb1afa92cfba09db,zstd|1|identity,source_code,False,False,False
N/A,rule_based,deflate|9|identity,balanced,0.1262101176739295,3302eb1afa92cfba09db,brotli|9|identity,source_code,False,False,False
N/A,rule_based,brotli|9|identity,smallest,0.0,d27dc1d6d4717d80c545,brotli|9|identity,json,True,True,True
N/A,rule_based,zstd|3|identity,fastest,0.0002426844027446527,d27dc1d6d4717d80c545,zstd|1|identity,json,False,False,False
N/A,rule_based,zstd|9|identity,balanced,0.011736169921917509,d27dc1d6d4717d80c545,brotli|9|identity,json,False,False,False
N/A,rule_based,brotli|9|identity,smallest,0.7966246598683008,8e0163f8d08517f2bfbd,raw|default|identity,video,False,False,False
N/A,rule_based,zstd|1|identity,fastest,0.0245332897551163,8e0163f8d08517f2bfbd,raw|default|identity,video,False,True,True
N/A,rule_based,brotli|6|identity,balanced,0.35435346315682426,8e0163f8d08517f2bfbd,raw|default|identity,video,False,False,False
N/A,rule_based,brotli|11|identity,smallest,0.33445876334947644,81a445cc02e5ab1cabd2,zstd|9|identity,markdown,False,False,False
N/A,rule_based,zstd|9|identity,fastest,0.010189188338747629,81a445cc02e5ab1cabd2,zstd|1|identity,markdown,False,False,False
N/A,rule_based,brotli|6|identity,balanced,0.05005704161484342,81a445cc02e5ab1cabd2,zstd|9|identity,markdown,False,False,False
N/A,rule_based,brotli|6|identity,smallest,0.00039005398745888334,1dfa898e4b00116e4cab,brotli|9|identity,logs,False,False,False
N/A,rule_based,zstd|3|identity,fastest,2.4950486719903242e-05,1dfa898e4b00116e4cab,zstd|1|identity,logs,False,False,False
N/A,rule_based,zstd|6|identity,balanced,0.013452515255282755,1dfa898e4b00116e4cab,brotli|9|identity,logs,False,False,False
N/A,rule_based,brotli|11|identity,smallest,0.942488000075071,46873d3cf1d109fce5fb,raw|default|identity,model,False,False,False
N/A,rule_based,zstd|3|identity,fastest,0.02901214809009708,46873d3cf1d109fce5fb,raw|default|identity,model,False,False,False
N/A,rule_based,brotli|6|identity,balanced,0.3867402953039534,46873d3cf1d109fce5fb,raw|default|identity,model,False,False,False
N/A,rule_based,bzip2|9|identity,smallest,0.04451329105474328,16a980a0d416c9105d7a,brotli|9|identity,csv,False,False,False
N/A,rule_based,zstd|1|identity,fastest,0.0,16a980a0d416c9105d7a,zstd|1|identity,csv,True,True,True
N/A,rule_based,brotli|6|identity,balanced,0.028993427751482885,16a980a0d416c9105d7a,brotli|9|identity,csv,False,False,False
N/A,rule_based,brotli|6|identity,smallest,0.9483507425051461,f34934e8101b36854b29,raw|default|identity,video,False,False,False
N/A,rule_based,zstd|6|identity,fastest,0.03275540964734448,f34934e8101b36854b29,raw|default|identity,video,False,False,False
N/A,rule_based,brotli|6|identity,balanced,0.4310880954965932,f34934e8101b36854b29,raw|default|identity,video,False,False,False
N/A,rule_based,bzip2|9|identity,smallest,0.038784980420856485,6e96649c37ae12817da8,brotli|9|identity,csv,False,False,False
N/A,rule_based,zstd|1|identity,fastest,0.0,6e96649c37ae12817da8,zstd|1|identity,csv,True,True,True
N/A,rule_based,zstd|1|identity,balanced,0.034106824485221426,6e96649c37ae12817da8,brotli|9|identity,csv,False,False,False
N/A,rule_based,brotli|11|identity,smallest,0.13477894169016194,c9bfc414215801365a64,brotli|9|identity,markdown,False,False,False
N/A,rule_based,zstd|3|identity,fastest,0.002090604453941606,c9bfc414215801365a64,zstd|1|identity,markdown,False,False,False
N/A,rule_based,deflate|6|identity,balanced,0.14873342651927438,c9bfc414215801365a64,brotli|9|identity,markdown,False,False,False
N/A,rule_based,brotli|11|identity,smallest,0.023563570989834845,9ace52ebc2064c6576de,brotli|9|identity,model,False,False,False
N/A,rule_based,zstd|3|identity,fastest,0.0009055341456837805,9ace52ebc2064c6576de,zstd|1|identity,model,False,False,False
N/A,rule_based,brotli|6|identity,balanced,0.0799444191443092,9ace52ebc2064c6576de,brotli|9|identity,model,False,False,False
N/A,rule_based,brotli|9|identity,smallest,0.9511322073114574,546ace30fb0bb2e3783b,raw|default|identity,video,False,False,False
N/A,rule_based,zstd|1|identity,fastest,0.036804563502473193,546ace30fb0bb2e3783b,raw|default|identity,video,False,True,True
N/A,rule_based,brotli|6|identity,balanced,0.4293073880113994,546ace30fb0bb2e3783b,raw|default|identity,video,False,False,False
N/A,rule_based,brotli|9|identity,smallest,0.0,fb876718379f313755bf,brotli|9|identity,binary,True,True,True
N/A,rule_based,deflate|1|identity,fastest,0.002122551503587097,fb876718379f313755bf,zstd|1|identity,binary,False,True,True
N/A,rule_based,deflate|6|identity,balanced,0.017332367385400484,fb876718379f313755bf,brotli|9|identity,binary,False,False,False
N/A,rule_based,deflate|9|identity,smallest,0.29220753893926565,e43e7849d7ac7eee3e69,raw|default|identity,json,False,False,False
N/A,rule_based,deflate|9|identity,fastest,0.0010823104673099368,e43e7849d7ac7eee3e69,raw|default|identity,json,False,False,False
N/A,rule_based,deflate|9|identity,balanced,0.12756849811941814,e43e7849d7ac7eee3e69,raw|default|identity,json,False,False,False
N/A,rule_based,lzma2|6|identity,smallest,0.9440756156334874,bc559421f72cb439e577,raw|default|identity,model,False,False,False
N/A,rule_based,brotli|6|identity,fastest,0.026481383222831854,bc559421f72cb439e577,raw|default|identity,model,False,False,False
N/A,rule_based,brotli|6|identity,balanced,0.3867686833874039,bc559421f72cb439e577,raw|default|identity,model,False,False,False
N/A,rule_based,raw|default|identity,smallest,0.0,215155f5831d7da605e0,raw|default|identity,json,True,True,True
N/A,rule_based,raw|default|identity,fastest,0.0,215155f5831d7da605e0,raw|default|identity,json,True,True,True
N/A,rule_based,raw|default|identity,balanced,0.0,215155f5831d7da605e0,raw|default|identity,json,True,True,True
N/A,rule_based,brotli|11|identity,smallest,0.9422539373486799,1a26220d1e9b364d612d,raw|default|identity,model,False,False,False
N/A,rule_based,zstd|3|identity,fastest,0.026424725604118373,1a26220d1e9b364d612d,raw|default|identity,model,False,False,False
N/A,rule_based,brotli|6|identity,balanced,0.36878010439466613,1a26220d1e9b364d612d,raw|default|identity,model,False,False,False
N/A,rule_based,bzip2|9|identity,smallest,0.010414969377613928,665359906b3619ac985e,brotli|9|identity,binary,False,False,False
N/A,rule_based,deflate|6|identity,fastest,0.0020015011308484407,665359906b3619ac985e,zstd|1|identity,binary,False,False,False
N/A,rule_based,deflate|6|identity,balanced,0.04629010383460484,665359906b3619ac985e,brotli|9|identity,binary,False,False,False
N/A,rule_based,brotli|11|identity,smallest,0.07479548774167152,8a329048e6e90bc5e436,brotli|9|identity,markdown,False,False,False
N/A,rule_based,zstd|1|identity,fastest,0.0,8a329048e6e90bc5e436,zstd|1|identity,markdown,True,True,True
N/A,rule_based,deflate|6|identity,balanced,0.10500180402876577,8a329048e6e90bc5e436,brotli|9|identity,markdown,False,False,False
N/A,rule_based,brotli|11|identity,smallest,0.0011566147867322733,f03df6e2a8c5298d2e1c,brotli|9|identity,source_code,False,False,False
N/A,rule_based,zstd|6|identity,fastest,0.0022968900759242333,f03df6e2a8c5298d2e1c,zstd|1|identity,source_code,False,False,False
N/A,rule_based,deflate|9|identity,balanced,0.0263414419907808,f03df6e2a8c5298d2e1c,brotli|9|identity,source_code,False,False,False
N/A,rule_based,brotli|11|identity,smallest,0.9433215873469689,040d6cd1913e63d0bf50,raw|default|identity,video,False,False,False
N/A,rule_based,zstd|9|identity,fastest,0.03601589301278688,040d6cd1913e63d0bf50,raw|default|identity,video,False,False,False
N/A,rule_based,brotli|6|identity,balanced,0.4233537277071275,040d6cd1913e63d0bf50,raw|default|identity,video,False,False,False
N/A,rule_based,brotli|9|identity,smallest,0.0,b09d33b1dd2c5da1b94b,brotli|9|identity,model,True,True,True
N/A,rule_based,deflate|9|identity,fastest,0.007719405910712782,b09d33b1dd2c5da1b94b,zstd|1|identity,model,False,False,False
N/A,rule_based,deflate|9|identity,balanced,0.07312049280069424,b09d33b1dd2c5da1b94b,brotli|9|identity,model,False,False,False
N/A,rule_based,brotli|6|identity,smallest,0.0011301887662739547,d3b05331d36f10bb2338,brotli|9|identity,source_code,False,False,False
N/A,rule_based,deflate|1|identity,fastest,0.007784452524653571,d3b05331d36f10bb2338,zstd|1|identity,source_code,False,True,True
N/A,rule_based,deflate|9|identity,balanced,0.05304210677045255,d3b05331d36f10bb2338,brotli|9|identity,source_code,False,False,False
N/A,rule_based,brotli|11|identity,smallest,0.026725216642345076,40427eff7bca38574998,brotli|9|identity,source_code,False,False,False
N/A,rule_based,zstd|3|identity,fastest,0.005291788460883486,40427eff7bca38574998,zstd|1|identity,source_code,False,False,False
N/A,rule_based,deflate|6|identity,balanced,0.26760610651619904,40427eff7bca38574998,brotli|9|identity,source_code,False,False,False
N/A,rule_based,brotli|6|identity,smallest,0.9486407130213806,a8eee5cb651502b76851,raw|default|identity,video,False,False,False
N/A,rule_based,zstd|6|identity,fastest,0.03853305065120369,a8eee5cb651502b76851,raw|default|identity,video,False,False,False
N/A,rule_based,brotli|6|identity,balanced,0.4345467206684475,a8eee5cb651502b76851,raw|default|identity,video,False,False,False
N/A,rule_based,brotli|6|identity,smallest,0.957495542919611,b4d46d60eb50f24fdd68,raw|default|identity,video,False,False,False
N/A,rule_based,zstd|3|identity,fastest,0.03871028307014218,b4d46d60eb50f24fdd68,raw|default|identity,video,False,False,False
N/A,rule_based,brotli|6|identity,balanced,0.4285697752726929,b4d46d60eb50f24fdd68,raw|default|identity,video,False,False,False
N/A,rule_based,brotli|11|identity,smallest,0.014099473131608715,a5121d3f04b140dd77b4,brotli|9|identity,json,False,False,False
N/A,rule_based,zstd|6|identity,fastest,0.0059488763443787986,a5121d3f04b140dd77b4,zstd|1|identity,json,False,False,False
N/A,rule_based,deflate|9|identity,balanced,0.018311126915299902,a5121d3f04b140dd77b4,brotli|9|identity,json,False,False,False
N/A,rule_based,brotli|11|identity,smallest,0.005542855869944487,90bb57d94e3fa72035ad,brotli|9|identity,csv,False,False,False
N/A,rule_based,zstd|1|identity,fastest,0.0,90bb57d94e3fa72035ad,zstd|1|identity,csv,True,True,True
N/A,rule_based,zstd|9|identity,balanced,0.010965487411419858,90bb57d94e3fa72035ad,brotli|9|identity,csv,False,False,False
N/A,rule_based,brotli|11|identity,smallest,0.04922419134200963,e6054482722e27c4eb52,brotli|9|identity,source_code,False,False,False
N/A,rule_based,deflate|9|identity,fastest,0.0045561290721577545,e6054482722e27c4eb52,zstd|1|identity,source_code,False,False,False
N/A,rule_based,deflate|9|identity,balanced,0.06101948867365907,e6054482722e27c4eb52,brotli|9|identity,source_code,False,False,False
N/A,rule_based,brotli|11|identity,smallest,0.018218370559321042,908ba22d7f9287d17ced,brotli|9|identity,csv,False,False,False
N/A,rule_based,zstd|6|identity,fastest,0.002574676806509465,908ba22d7f9287d17ced,zstd|1|identity,csv,False,False,False
N/A,rule_based,deflate|9|identity,balanced,0.073692657405916,908ba22d7f9287d17ced,brotli|9|identity,csv,False,False,False
N/A,rule_based,brotli|11|identity,smallest,0.05406033342331749,f6d794d2819bbe2fb86d,brotli|9|identity,source_code,False,False,False
N/A,rule_based,zstd|9|identity,fastest,0.01352808406841459,f6d794d2819bbe2fb86d,zstd|1|identity,source_code,False,False,False
N/A,rule_based,deflate|6|identity,balanced,0.007469242554334163,f6d794d2819bbe2fb86d,brotli|9|identity,source_code,False,False,False
N/A,rule_based,brotli|11|identity,smallest,0.03749745612849481,2dcc3b9b19cb845ad6a1,brotli|9|identity,source_code,False,False,False
N/A,rule_based,zstd|6|identity,fastest,0.002537581098409618,2dcc3b9b19cb845ad6a1,zstd|1|identity,source_code,False,False,False
N/A,rule_based,deflate|6|identity,balanced,0.052505056227423436,2dcc3b9b19cb845ad6a1,brotli|9|identity,source_code,False,False,False
N/A,rule_based,brotli|4|identity,smallest,0.27178992904973037,921d357da1bee764ce1d,raw|default|identity,csv,False,False,False
N/A,rule_based,raw|default|identity,fastest,0.0,921d357da1bee764ce1d,raw|default|identity,csv,True,True,True
N/A,rule_based,brotli|4|identity,balanced,0.09436149394681159,921d357da1bee764ce1d,raw|default|identity,csv,False,False,False
N/A,rule_based,brotli|9|identity,smallest,0.0,d70e480f35e3d065646a,brotli|9|identity,source_code,True,True,True
N/A,rule_based,zstd|3|identity,fastest,5.1398227047140446e-05,d70e480f35e3d065646a,zstd|1|identity,source_code,False,False,False
N/A,rule_based,deflate|6|identity,balanced,0.01247888521040995,d70e480f35e3d065646a,brotli|9|identity,source_code,False,False,False
N/A,rule_based,brotli|4|identity,smallest,0.038910966952628245,0ebdf4283c5b6a0215ac,brotli|9|identity,text,False,False,False
N/A,rule_based,raw|default|identity,fastest,0.031595504681693434,0ebdf4283c5b6a0215ac,zstd|1|identity,text,False,False,True
N/A,rule_based,brotli|4|identity,balanced,0.023828489459270297,0ebdf4283c5b6a0215ac,brotli|9|identity,text,False,False,False
N/A,rule_based,raw|default|identity,smallest,0.0,a79486349dd2e056bef1,raw|default|identity,binary,True,True,True
N/A,rule_based,raw|default|identity,fastest,0.0,a79486349dd2e056bef1,raw|default|identity,binary,True,True,True
N/A,rule_based,raw|default|identity,balanced,0.0,a79486349dd2e056bef1,raw|default|identity,binary,True,True,True
N/A,rule_based,brotli|9|identity,smallest,0.0,3227da1dbc2dfac8e17f,brotli|9|identity,source_code,True,True,True
N/A,rule_based,deflate|1|identity,fastest,0.013433517973491807,3227da1dbc2dfac8e17f,zstd|1|identity,source_code,False,True,True
N/A,rule_based,deflate|9|identity,balanced,0.040500947123900156,3227da1dbc2dfac8e17f,brotli|9|identity,source_code,False,False,False
N/A,rule_based,raw|default|identity,smallest,0.0,e3912e357456af06dfed,raw|default|identity,csv,True,True,True
N/A,rule_based,raw|default|identity,fastest,0.0,e3912e357456af06dfed,raw|default|identity,csv,True,True,True
N/A,rule_based,raw|default|identity,balanced,0.0,e3912e357456af06dfed,raw|default|identity,csv,True,True,True
N/A,rule_based,brotli|11|identity,smallest,0.026459601072635286,43a808afe4de5b474271,brotli|9|identity,model,False,False,False
N/A,rule_based,zstd|9|identity,fastest,0.005363513090818776,43a808afe4de5b474271,zstd|1|identity,model,False,False,False
N/A,rule_based,brotli|6|identity,balanced,0.040390385590084975,43a808afe4de5b474271,brotli|9|identity,model,False,False,False
N/A,rule_based,brotli|9|identity,smallest,0.9472165125790029,adacdb3fb3b269d0e4ec,raw|default|identity,video,False,False,False
N/A,rule_based,zstd|3|identity,fastest,0.037665509129510444,adacdb3fb3b269d0e4ec,raw|default|identity,video,False,False,False
N/A,rule_based,brotli|6|identity,balanced,0.4280646508128955,adacdb3fb3b269d0e4ec,raw|default|identity,video,False,False,False
N/A,rule_based,brotli|4|identity,smallest,0.03166157694027087,79bb325c3295747efea3,brotli|9|identity,source_code,False,False,False
N/A,rule_based,deflate|9|identity,fastest,0.027738567439560345,79bb325c3295747efea3,zstd|1|identity,source_code,False,False,False
N/A,rule_based,deflate|9|identity,balanced,0.03752843996619009,79bb325c3295747efea3,brotli|9|identity,source_code,False,False,False
N/A,rule_based,brotli|11|identity,smallest,0.04954769182550392,b26de929ad20b7ac9288,brotli|9|identity,csv,False,False,False
N/A,rule_based,zstd|1|identity,fastest,0.0,b26de929ad20b7ac9288,zstd|1|identity,csv,True,True,True
N/A,rule_based,deflate|6|identity,balanced,0.12805962188916836,b26de929ad20b7ac9288,brotli|9|identity,csv,False,False,False
N/A,rule_based,brotli|11|identity,smallest,0.2471078783337167,39a02de3ede36018b3fe,zstd|9|identity,csv,False,False,False
N/A,rule_based,zstd|9|identity,fastest,0.010758642404352169,39a02de3ede36018b3fe,zstd|1|identity,csv,False,False,False
N/A,rule_based,brotli|6|identity,balanced,0.036841443335095536,39a02de3ede36018b3fe,zstd|9|identity,csv,False,False,False
N/A,rule_based,brotli|11|identity,smallest,0.07080768478357821,5dc21384a6a2b295ec5d,brotli|9|identity,csv,False,False,False
N/A,rule_based,zstd|9|identity,fastest,0.005893494870426522,5dc21384a6a2b295ec5d,zstd|1|identity,csv,False,False,False
N/A,rule_based,brotli|4|identity,balanced,0.07018758196412217,5dc21384a6a2b295ec5d,brotli|9|identity,csv,False,False,False
N/A,rule_based,brotli|11|identity,smallest,0.6196839663981935,48e21ec2f07a239cb0db,raw|default|identity,video,False,False,False
N/A,rule_based,zstd|3|identity,fastest,0.02194955063417821,48e21ec2f07a239cb0db,raw|default|identity,video,False,False,False
N/A,rule_based,brotli|6|identity,balanced,0.2709931482420595,48e21ec2f07a239cb0db,raw|default|identity,video,False,False,False
N/A,rule_based,brotli|11|identity,smallest,0.015325962337673664,0ff9b372da6fcecbdc8a,brotli|9|identity,source_code,False,False,False
N/A,rule_based,zstd|3|identity,fastest,0.00018027452237171643,0ff9b372da6fcecbdc8a,zstd|1|identity,source_code,False,False,False
N/A,rule_based,deflate|9|identity,balanced,0.06672730802393265,0ff9b372da6fcecbdc8a,brotli|9|identity,source_code,False,False,False
N/A,rule_based,brotli|11|identity,smallest,0.03543008495183546,0b56a8336d926b137c46,brotli|9|identity,json,False,False,False
N/A,rule_based,zstd|3|identity,fastest,0.006052807269779879,0b56a8336d926b137c46,zstd|1|identity,json,False,False,False
N/A,rule_based,deflate|9|identity,balanced,0.046317244306123315,0b56a8336d926b137c46,brotli|9|identity,json,False,False,False
N/A,rule_based,brotli|11|identity,smallest,0.15654412804905046,13de65abccd316cc7ad0,zstd|9|identity,csv,False,False,False
N/A,rule_based,deflate|9|identity,fastest,0.011943661538077403,13de65abccd316cc7ad0,zstd|1|identity,csv,False,False,False
N/A,rule_based,deflate|9|identity,balanced,0.028467839047363303,13de65abccd316cc7ad0,zstd|9|identity,csv,False,False,False
N/A,rule_based,brotli|11|identity,smallest,0.05259171010495723,cc0a768c16bc4f521d5e,brotli|9|identity,binary,False,False,False
N/A,rule_based,zstd|3|identity,fastest,0.012820520402913909,cc0a768c16bc4f521d5e,zstd|1|identity,binary,False,False,False
N/A,rule_based,deflate|9|identity,balanced,0.07053244421141516,cc0a768c16bc4f521d5e,brotli|9|identity,binary,False,False,False
N/A,rule_based,brotli|11|identity,smallest,0.10713647508424404,efd24e78ff6d0f481461,brotli|9|identity,markdown,False,False,False
N/A,rule_based,zstd|3|identity,fastest,0.0005157913103508126,efd24e78ff6d0f481461,zstd|1|identity,markdown,False,False,False
N/A,rule_based,deflate|6|identity,balanced,0.12584799997181217,efd24e78ff6d0f481461,brotli|9|identity,markdown,False,False,False
N/A,rule_based,brotli|9|identity,smallest,0.9512412529201261,2d972416e5ea584e6e99,raw|default|identity,video,False,False,False
N/A,rule_based,zstd|1|identity,fastest,0.037874489075892775,2d972416e5ea584e6e99,raw|default|identity,video,False,True,True
N/A,rule_based,brotli|6|identity,balanced,0.4308327184711226,2d972416e5ea584e6e99,raw|default|identity,video,False,False,False
N/A,rule_based,brotli|11|identity,smallest,0.021154702939321014,8abb57b457777e88f55e,brotli|9|identity,source_code,False,False,False
N/A,rule_based,deflate|6|identity,fastest,0.0018635693078938344,8abb57b457777e88f55e,zstd|1|identity,source_code,False,False,False
N/A,rule_based,deflate|9|identity,balanced,0.036263258747184515,8abb57b457777e88f55e,brotli|9|identity,source_code,False,False,False
N/A,rule_based,brotli|11|identity,smallest,0.0075356004332645075,20cb03e2c284978c7f64,brotli|9|identity,csv,False,False,False
N/A,rule_based,zstd|3|identity,fastest,0.0016305125314439554,20cb03e2c284978c7f64,zstd|1|identity,csv,False,False,False
N/A,rule_based,deflate|6|identity,balanced,0.061437722142478765,20cb03e2c284978c7f64,brotli|9|identity,csv,False,False,False
N/A,rule_based,brotli|6|identity,smallest,0.9473517462822979,ceb68a8868bcd038b876,raw|default|identity,video,False,False,False
N/A,rule_based,zstd|1|identity,fastest,0.038780170021509186,ceb68a8868bcd038b876,raw|default|identity,video,False,True,True
N/A,rule_based,brotli|6|identity,balanced,0.431778177178255,ceb68a8868bcd038b876,raw|default|identity,video,False,False,False
N/A,rule_based,brotli|6|identity,smallest,0.01247197705594711,5f8724e09072ab9a265f,raw|default|identity,binary,False,False,False
N/A,rule_based,raw|default|identity,fastest,0.0,5f8724e09072ab9a265f,raw|default|identity,binary,True,True,True
N/A,rule_based,raw|default|identity,balanced,0.0,5f8724e09072ab9a265f,raw|default|identity,binary,True,True,True
N/A,rule_based,brotli|9|identity,smallest,0.21961936919477568,40edde3ff58386c6e648,zstd|9|identity,binary,False,False,False
N/A,rule_based,raw|default|identity,fastest,0.03760925853886833,40edde3ff58386c6e648,zstd|1|identity,binary,False,False,True
N/A,rule_based,brotli|9|identity,balanced,0.05683403900416269,40edde3ff58386c6e648,zstd|9|identity,binary,False,False,False
N/A,rule_based,brotli|11|identity,smallest,0.023883312888314953,f99b6bb11feb9d915422,brotli|9|identity,source_code,False,False,False
N/A,rule_based,zstd|3|identity,fastest,0.0033551022867177593,f99b6bb11feb9d915422,zstd|1|identity,source_code,False,False,False
N/A,rule_based,deflate|6|identity,balanced,0.0775471656452072,f99b6bb11feb9d915422,brotli|9|identity,source_code,False,False,False
N/A,rule_based,brotli|11|identity,smallest,0.040570326996986095,aedca929aa742fd71e9b,raw|default|identity,markdown,False,False,False
N/A,rule_based,raw|default|identity,fastest,0.0,aedca929aa742fd71e9b,raw|default|identity,markdown,True,True,True
N/A,rule_based,raw|default|identity,balanced,0.0,aedca929aa742fd71e9b,raw|default|identity,markdown,True,True,True
N/A,rule_based,brotli|11|identity,smallest,0.21852534357065626,bcc29aefa82f2fc182c3,zstd|9|identity,source_code,False,False,False
N/A,rule_based,zstd|3|identity,fastest,0.0023135124863856715,bcc29aefa82f2fc182c3,zstd|1|identity,source_code,False,False,False
N/A,rule_based,deflate|9|identity,balanced,0.011567987111920877,bcc29aefa82f2fc182c3,zstd|9|identity,source_code,False,False,False
N/A,rule_based,brotli|11|identity,smallest,0.01643534852704792,fd92d55f5169a15f74dc,brotli|9|identity,csv,False,False,False
N/A,rule_based,zstd|3|identity,fastest,0.00038770299754383244,fd92d55f5169a15f74dc,zstd|1|identity,csv,False,False,False
N/A,rule_based,zstd|1|identity,balanced,0.07890150231994508,fd92d55f5169a15f74dc,brotli|9|identity,csv,False,False,False
N/A,rule_based,brotli|11|identity,smallest,0.23355139482745543,f34def9fb472356e4ee0,zstd|9|identity,source_code,False,False,False
N/A,rule_based,zstd|3|identity,fastest,0.0015862658127406837,f34def9fb472356e4ee0,zstd|1|identity,source_code,False,False,False
N/A,rule_based,brotli|4|identity,balanced,0.013980750115597684,f34def9fb472356e4ee0,zstd|9|identity,source_code,False,False,False
N/A,rule_based,brotli|11|identity,smallest,0.27704149688052904,ca528c2924b4d66a7016,zstd|9|identity,source_code,False,False,False
N/A,rule_based,zstd|3|identity,fastest,0.003280604572828978,ca528c2924b4d66a7016,zstd|1|identity,source_code,False,False,False
N/A,rule_based,brotli|4|identity,balanced,0.023854092135513427,ca528c2924b4d66a7016,zstd|9|identity,source_code,False,False,False
N/A,rule_based,brotli|9|identity,smallest,0.9541916796367624,f256aca58bd68b60e728,raw|default|identity,video,False,False,False
N/A,rule_based,zstd|9|identity,fastest,0.03675809575317518,f256aca58bd68b60e728,raw|default|identity,video,False,False,False
N/A,rule_based,brotli|6|identity,balanced,0.4316673240311121,f256aca58bd68b60e728,raw|default|identity,video,False,False,False
N/A,rule_based,brotli|9|identity,smallest,0.7283034925253266,f887056a858ef5d79853,raw|default|identity,video,False,False,False
N/A,rule_based,zstd|1|identity,fastest,0.027641523065897965,f887056a858ef5d79853,raw|default|identity,video,False,True,True
N/A,rule_based,brotli|6|identity,balanced,0.32649296989961485,f887056a858ef5d79853,raw|default|identity,video,False,False,False
N/A,rule_based,brotli|11|identity,smallest,0.07054252023086871,7da935a5c5745da0fc47,brotli|9|identity,csv,False,False,False
N/A,rule_based,zstd|9|identity,fastest,0.0060215386543686945,7da935a5c5745da0fc47,zstd|1|identity,csv,False,False,False
N/A,rule_based,deflate|9|identity,balanced,0.015134525618714374,7da935a5c5745da0fc47,brotli|9|identity,csv,False,False,False
N/A,rule_based,brotli|11|identity,smallest,0.12333881247580708,bde3693e1919277f0d4f,brotli|9|identity,source_code,False,False,False
N/A,rule_based,deflate|9|identity,fastest,0.009410121660521228,bde3693e1919277f0d4f,zstd|1|identity,source_code,False,False,False
N/A,rule_based,brotli|6|identity,balanced,0.009576655849933127,bde3693e1919277f0d4f,brotli|9|identity,source_code,False,False,False
N/A,rule_based,brotli|11|identity,smallest,0.01135334819398019,0e4427f0e7b0f0da7ba0,brotli|9|identity,csv,False,False,False
N/A,rule_based,zstd|3|identity,fastest,0.0037189773876563376,0e4427f0e7b0f0da7ba0,zstd|1|identity,csv,False,False,False
N/A,rule_based,brotli|4|identity,balanced,0.04402465317357254,0e4427f0e7b0f0da7ba0,brotli|9|identity,csv,False,False,False
N/A,rule_based,brotli|6|identity,smallest,0.6602024754591129,75ac8e38c89544f86012,raw|default|identity,video,False,False,False
N/A,rule_based,zstd|3|identity,fastest,0.013997550696796542,75ac8e38c89544f86012,raw|default|identity,video,False,False,False
N/A,rule_based,brotli|6|identity,balanced,0.2897654631485178,75ac8e38c89544f86012,raw|default|identity,video,False,False,False
N/A,rule_based,brotli|6|identity,smallest,0.0009601170883197004,f6d8ac25d8ced35c97bb,brotli|9|identity,binary,False,False,False
N/A,rule_based,deflate|9|identity,fastest,0.02740488983857721,f6d8ac25d8ced35c97bb,zstd|1|identity,binary,False,False,False
N/A,rule_based,brotli|6|identity,balanced,0.01925759080715346,f6d8ac25d8ced35c97bb,brotli|9|identity,binary,False,False,False
N/A,rule_based,brotli|11|identity,smallest,0.05474725012585218,b2aeaaf4897e7310def1,brotli|9|identity,csv,False,False,False
N/A,rule_based,zstd|3|identity,fastest,0.003688551605014051,b2aeaaf4897e7310def1,zstd|1|identity,csv,False,False,False
N/A,rule_based,deflate|6|identity,balanced,0.11371232771193304,b2aeaaf4897e7310def1,brotli|9|identity,csv,False,False,False
N/A,rule_based,brotli|11|identity,smallest,0.14804215753012123,ef3edbf6186277f5ef97,zstd|9|identity,csv,False,False,False
N/A,rule_based,zstd|3|identity,fastest,0.0018110038546474971,ef3edbf6186277f5ef97,zstd|1|identity,csv,False,False,False
N/A,rule_based,deflate|6|identity,balanced,0.014654928702948461,ef3edbf6186277f5ef97,zstd|9|identity,csv,False,False,False
N/A,rule_based,brotli|11|identity,smallest,0.017472524645812882,1364093c2cd97d6b467d,brotli|9|identity,binary,False,False,False
N/A,rule_based,zstd|3|identity,fastest,0.004160659214233125,1364093c2cd97d6b467d,zstd|1|identity,binary,False,False,False
N/A,rule_based,zstd|6|identity,balanced,0.10280138188828424,1364093c2cd97d6b467d,brotli|9|identity,binary,False,False,False
N/A,rule_based,brotli|6|identity,smallest,0.958088695462557,c63e295b1deea7522a47,raw|default|identity,video,False,False,False
N/A,rule_based,zstd|1|identity,fastest,0.0376479449010094,c63e295b1deea7522a47,raw|default|identity,video,False,True,True
N/A,rule_based,brotli|6|identity,balanced,0.43003396428380786,c63e295b1deea7522a47,raw|default|identity,video,False,False,False
N/A,rule_based,brotli|11|identity,smallest,0.021924740410434906,437449734e245885bdcf,brotli|9|identity,source_code,False,False,False
N/A,rule_based,zstd|6|identity,fastest,0.0036538257604496645,437449734e245885bdcf,zstd|1|identity,source_code,False,False,False
N/A,rule_based,deflate|9|identity,balanced,0.06883617123527437,437449734e245885bdcf,brotli|9|identity,source_code,False,False,False
N/A,rule_based,bzip2|9|identity,smallest,0.011878950451038367,0176cdda1aac09477d97,brotli|9|identity,source_code,False,False,False
N/A,rule_based,zstd|3|identity,fastest,0.00256394492113525,0176cdda1aac09477d97,zstd|1|identity,source_code,False,False,False
N/A,rule_based,zstd|9|identity,balanced,0.03578475263989995,0176cdda1aac09477d97,brotli|9|identity,source_code,False,False,False
N/A,rule_based,zstd|6|delta,smallest,0.015432303739936152,37bf4fda9ad1b112c95c,brotli|9|identity,binary,False,False,False
N/A,rule_based,zstd|3|identity,fastest,0.002465689971191721,37bf4fda9ad1b112c95c,zstd|1|identity,binary,False,False,False
N/A,rule_based,zstd|3|identity,balanced,0.04206647457353781,37bf4fda9ad1b112c95c,brotli|9|identity,binary,False,False,False
N/A,rule_based,brotli|11|identity,smallest,0.9440720463196479,e24ad89f350ae852f7b8,raw|default|identity,video,False,False,False
N/A,rule_based,zstd|9|identity,fastest,0.03285783510675458,e24ad89f350ae852f7b8,raw|default|identity,video,False,False,False
N/A,rule_based,brotli|6|identity,balanced,0.4245138292382384,e24ad89f350ae852f7b8,raw|default|identity,video,False,False,False
N/A,rule_based,brotli|9|identity,smallest,0.9436164220088026,a2d1deaf6beae2b754df,raw|default|identity,video,False,False,False
N/A,rule_based,zstd|3|identity,fastest,0.03866734307013488,a2d1deaf6beae2b754df,raw|default|identity,video,False,False,False
N/A,rule_based,brotli|6|identity,balanced,0.42875387488089706,a2d1deaf6beae2b754df,raw|default|identity,video,False,False,False
N/A,rule_based,brotli|11|identity,smallest,0.11747206295294806,e82ab03d226a655e5c2f,brotli|9|identity,source_code,False,False,False
N/A,rule_based,zstd|9|identity,fastest,0.006499937912430628,e82ab03d226a655e5c2f,zstd|1|identity,source_code,False,False,False
N/A,rule_based,deflate|9|identity,balanced,0.027759059853653317,e82ab03d226a655e5c2f,brotli|9|identity,source_code,False,False,False
N/A,rule_based,bzip2|9|identity,smallest,0.01691406426660983,0cbec22b5580244ca3cd,brotli|9|identity,source_code,False,False,False
N/A,rule_based,zstd|3|identity,fastest,0.0006976557849418617,0cbec22b5580244ca3cd,zstd|1|identity,source_code,False,False,False
N/A,rule_based,deflate|6|identity,balanced,0.022216958039734155,0cbec22b5580244ca3cd,brotli|9|identity,source_code,False,False,False
N/A,rule_based,brotli|9|identity,smallest,0.0,a208d145692f560be957,brotli|9|identity,source_code,True,True,True
N/A,rule_based,deflate|9|identity,fastest,0.019854120048687276,a208d145692f560be957,zstd|1|identity,source_code,False,False,False
N/A,rule_based,brotli|9|identity,balanced,0.0,a208d145692f560be957,brotli|9|identity,source_code,True,True,True
N/A,rule_based,brotli|6|identity,smallest,0.0007041998945655475,3751e5d534b30709cc70,brotli|9|identity,source_code,False,False,False
N/A,rule_based,deflate|1|identity,fastest,0.015238438498899155,3751e5d534b30709cc70,zstd|1|identity,source_code,False,True,True
N/A,rule_based,deflate|6|identity,balanced,0.043293223526949365,3751e5d534b30709cc70,brotli|9|identity,source_code,False,False,False
N/A,rule_based,brotli|11|identity,smallest,0.04426596719271378,e04070013dcbd69ecb20,brotli|9|identity,source_code,False,False,False
N/A,rule_based,deflate|1|identity,fastest,0.031927376650938546,e04070013dcbd69ecb20,zstd|1|identity,source_code,False,True,True
N/A,rule_based,brotli|6|identity,balanced,0.012708506816581214,e04070013dcbd69ecb20,brotli|9|identity,source_code,False,False,False
N/A,rule_based,brotli|11|identity,smallest,0.31149710861983765,329e3e0988ab39a3841f,lzma2|6|identity,binary,False,False,False
N/A,rule_based,zstd|3|identity,fastest,0.011526157195430476,329e3e0988ab39a3841f,zstd|1|identity,binary,False,False,False
N/A,rule_based,brotli|6|identity,balanced,0.030876911247029654,329e3e0988ab39a3841f,zstd|3|identity,binary,False,True,True
N/A,rule_based,brotli|6|identity,smallest,0.9398456543183974,d8bdce51a4d8290a41bc,raw|default|identity,video,False,False,False
N/A,rule_based,zstd|3|identity,fastest,0.03473279302752438,d8bdce51a4d8290a41bc,raw|default|identity,video,False,False,False
N/A,rule_based,brotli|6|identity,balanced,0.42503473823574844,d8bdce51a4d8290a41bc,raw|default|identity,video,False,False,False
N/A,rule_based,brotli|11|identity,smallest,0.12763141735008923,af53b59784cf5fa3bd54,zstd|9|identity,source_code,False,False,False
N/A,rule_based,deflate|9|identity,fastest,0.0050122693174858915,af53b59784cf5fa3bd54,zstd|1|identity,source_code,False,False,False
N/A,rule_based,deflate|9|identity,balanced,0.02192945859617372,af53b59784cf5fa3bd54,zstd|9|identity,source_code,False,False,False
N/A,rule_based,brotli|6|identity,smallest,0.9520199854920346,349a429b63ba827da16d,raw|default|identity,video,False,False,False
N/A,rule_based,zstd|3|identity,fastest,0.0370916692234681,349a429b63ba827da16d,raw|default|identity,video,False,False,False
N/A,rule_based,brotli|6|identity,balanced,0.43202495725863266,349a429b63ba827da16d,raw|default|identity,video,False,False,False
N/A,rule_based,brotli|11|identity,smallest,0.8564389083959878,04037223be7801e52d02,lzma2|6|identity,binary,False,False,False
N/A,rule_based,deflate|9|identity,fastest,0.021963870687465116,04037223be7801e52d02,zstd|1|identity,binary,False,False,False
N/A,rule_based,brotli|6|identity,balanced,0.12537790592848125,04037223be7801e52d02,zstd|3|identity,binary,False,True,True
N/A,rule_based,brotli|11|identity,smallest,0.9432515739181765,e1d9664ac99aeab9bd8f,raw|default|identity,video,False,False,False
N/A,rule_based,zstd|1|identity,fastest,0.035998616953878224,e1d9664ac99aeab9bd8f,raw|default|identity,video,False,True,True
N/A,rule_based,brotli|6|identity,balanced,0.42422949220541273,e1d9664ac99aeab9bd8f,raw|default|identity,video,False,False,False
N/A,rule_based,raw|default|identity,smallest,0.0,1d6d63467cb8c5a8f0b8,raw|default|identity,binary,True,True,True
N/A,rule_based,raw|default|identity,fastest,0.0,1d6d63467cb8c5a8f0b8,raw|default|identity,binary,True,True,True
N/A,rule_based,raw|default|identity,balanced,0.0,1d6d63467cb8c5a8f0b8,raw|default|identity,binary,True,True,True
N/A,rule_based,brotli|6|identity,smallest,0.9540281231309669,7030656a47ddcae4e881,raw|default|identity,video,False,False,False
N/A,rule_based,zstd|3|identity,fastest,0.03720345953125699,7030656a47ddcae4e881,raw|default|identity,video,False,False,False
N/A,rule_based,brotli|6|identity,balanced,0.4333911666631017,7030656a47ddcae4e881,raw|default|identity,video,False,False,False
N/A,rule_based,brotli|11|identity,smallest,0.9432615102779678,cfa60713b94c4cf8ad0a,raw|default|identity,video,False,False,False
N/A,rule_based,zstd|9|identity,fastest,0.03696008546451336,cfa60713b94c4cf8ad0a,raw|default|identity,video,False,False,False
N/A,rule_based,brotli|6|identity,balanced,0.42434406947505926,cfa60713b94c4cf8ad0a,raw|default|identity,video,False,False,False
N/A,rule_based,brotli|6|identity,smallest,0.0004466623085125484,0cb4f04242bea81d03dc,brotli|9|identity,video,False,False,False
N/A,rule_based,zstd|6|identity,fastest,0.0008819375732010155,0cb4f04242bea81d03dc,zstd|1|identity,video,False,False,False
N/A,rule_based,brotli|6|identity,balanced,0.02312743745428046,0cb4f04242bea81d03dc,brotli|9|identity,video,False,False,False
N/A,rule_based,brotli|9|identity,smallest,0.9456520702748668,1dd1e1cbeb37c92a23c9,raw|default|identity,video,False,False,False
N/A,rule_based,zstd|3|identity,fastest,0.03683109049609398,1dd1e1cbeb37c92a23c9,raw|default|identity,video,False,False,False
N/A,rule_based,brotli|6|identity,balanced,0.42821629608947576,1dd1e1cbeb37c92a23c9,raw|default|identity,video,False,False,False
N/A,rule_based,brotli|6|identity,smallest,0.945198404349369,575ac6afd2f60f8f7362,raw|default|identity,video,False,False,False
N/A,rule_based,deflate|6|identity,fastest,0.038920811133561196,575ac6afd2f60f8f7362,raw|default|identity,video,False,False,False
N/A,rule_based,brotli|6|identity,balanced,0.4304840091035672,575ac6afd2f60f8f7362,raw|default|identity,video,False,False,False
N/A,rule_based,brotli|6|identity,smallest,0.9489096836435087,64d82f0eb41570cacc9e,raw|default|identity,video,False,False,False
N/A,rule_based,deflate|9|identity,fastest,0.03383025311300007,64d82f0eb41570cacc9e,raw|default|identity,video,False,False,False
N/A,rule_based,brotli|6|identity,balanced,0.43110964685669184,64d82f0eb41570cacc9e,raw|default|identity,video,False,False,False
N/A,rule_based,brotli|6|identity,smallest,0.9483569825540024,65aad6920755198ffc44,raw|default|identity,video,False,False,False
N/A,rule_based,zstd|3|identity,fastest,0.033903066207270974,65aad6920755198ffc44,raw|default|identity,video,False,False,False
N/A,rule_based,brotli|6|identity,balanced,0.42670221318505114,65aad6920755198ffc44,raw|default|identity,video,False,False,False
N/A,rule_based,brotli|11|identity,smallest,0.9432742811674358,302a07d24b61368de502,raw|default|identity,video,False,False,False
N/A,rule_based,zstd|3|identity,fastest,0.03463534520238179,302a07d24b61368de502,raw|default|identity,video,False,False,False
N/A,rule_based,brotli|6|identity,balanced,0.42575214452208127,302a07d24b61368de502,raw|default|identity,video,False,False,False
N/A,rule_based,brotli|6|identity,smallest,0.9463248726372231,84dcd2e350a766eef717,raw|default|identity,video,False,False,False
N/A,rule_based,zstd|3|identity,fastest,0.03412187989966646,84dcd2e350a766eef717,raw|default|identity,video,False,False,False
N/A,rule_based,brotli|6|identity,balanced,0.42886620028615496,84dcd2e350a766eef717,raw|default|identity,video,False,False,False
N/A,rule_based,brotli|6|identity,smallest,0.9512696439197325,3195eee4a59ac79f4da4,raw|default|identity,video,False,False,False
N/A,rule_based,zstd|3|identity,fastest,0.03714388490108765,3195eee4a59ac79f4da4,raw|default|identity,video,False,False,False
N/A,rule_based,brotli|6|identity,balanced,0.43690533473274035,3195eee4a59ac79f4da4,raw|default|identity,video,False,False,False
N/A,rule_based,brotli|11|identity,smallest,0.005977277548472628,0f0daf031d676ef8bbf4,brotli|9|identity,source_code,False,False,False
N/A,rule_based,zstd|3|identity,fastest,0.004799469309537209,0f0daf031d676ef8bbf4,zstd|1|identity,source_code,False,False,False
N/A,rule_based,deflate|6|identity,balanced,0.10495388420533312,0f0daf031d676ef8bbf4,brotli|9|identity,source_code,False,False,False
N/A,rule_based,brotli|6|identity,smallest,0.9443470776527509,916ee0944afa41eaebe4,raw|default|identity,video,False,False,False
N/A,rule_based,zstd|3|identity,fastest,0.03732875452062101,916ee0944afa41eaebe4,raw|default|identity,video,False,False,False
N/A,rule_based,brotli|6|identity,balanced,0.42863395113191516,916ee0944afa41eaebe4,raw|default|identity,video,False,False,False
N/A,rule_based,brotli|11|identity,smallest,0.06334111056721298,2aaa61682ef5b2eeabcd,brotli|9|identity,json,False,False,False
N/A,rule_based,zstd|3|identity,fastest,0.006022208473282067,2aaa61682ef5b2eeabcd,zstd|1|identity,json,False,False,False
N/A,rule_based,zstd|6|identity,balanced,0.27717009788239133,2aaa61682ef5b2eeabcd,brotli|9|identity,json,False,False,False
N/A,rule_based,brotli|11|identity,smallest,0.9440557842854264,5fbf7e5d425ea2cedf79,raw|default|identity,video,False,False,False
N/A,rule_based,zstd|9|identity,fastest,0.034667871188302044,5fbf7e5d425ea2cedf79,raw|default|identity,video,False,False,False
N/A,rule_based,brotli|6|identity,balanced,0.427354101330391,5fbf7e5d425ea2cedf79,raw|default|identity,video,False,False,False
N/A,rule_based,brotli|11|identity,smallest,0.04154024734237485,9bfffccf3eb1ba81df60,brotli|9|identity,source_code,False,False,False
N/A,rule_based,zstd|3|identity,fastest,0.0013491532365688431,9bfffccf3eb1ba81df60,zstd|1|identity,source_code,False,False,False
N/A,rule_based,deflate|6|identity,balanced,0.04604077586481487,9bfffccf3eb1ba81df60,brotli|9|identity,source_code,False,False,False
N/A,rule_based,brotli|6|identity,smallest,0.9519955852195706,b46249238a82a1760029,raw|default|identity,video,False,False,False
N/A,rule_based,zstd|3|identity,fastest,0.0349536854592494,b46249238a82a1760029,raw|default|identity,video,False,False,False
N/A,rule_based,brotli|6|identity,balanced,0.43463512146684824,b46249238a82a1760029,raw|default|identity,video,False,False,False
N/A,rule_based,brotli|11|identity,smallest,0.9440024646639884,769bc1050e1bcf06e990,raw|default|identity,video,False,False,False
N/A,rule_based,zstd|3|identity,fastest,0.037765512221851635,769bc1050e1bcf06e990,raw|default|identity,video,False,False,False
N/A,rule_based,brotli|6|identity,balanced,0.4273442654521865,769bc1050e1bcf06e990,raw|default|identity,video,False,False,False
N/A,rule_based,brotli|11|identity,smallest,0.03690353447677974,2da37eefbc61febd2975,brotli|9|identity,source_code,False,False,False
N/A,rule_based,zstd|3|identity,fastest,0.002887218371428373,2da37eefbc61febd2975,zstd|1|identity,source_code,False,False,False
N/A,rule_based,deflate|6|identity,balanced,0.1066981316667438,2da37eefbc61febd2975,brotli|9|identity,source_code,False,False,False
N/A,rule_based,brotli|11|identity,smallest,0.05210792169354542,c68f5cb0f6b58db64c57,brotli|9|identity,source_code,False,False,False
N/A,rule_based,deflate|9|identity,fastest,0.0108391687384156,c68f5cb0f6b58db64c57,zstd|1|identity,source_code,False,False,False
N/A,rule_based,deflate|9|identity,balanced,0.041903444827231524,c68f5cb0f6b58db64c57,brotli|9|identity,source_code,False,False,False
N/A,rule_based,raw|default|identity,smallest,0.0,b2d26822f2e8d5499ddf,raw|default|identity,json,True,True,True
N/A,rule_based,raw|default|identity,fastest,0.0,b2d26822f2e8d5499ddf,raw|default|identity,json,True,True,True
N/A,rule_based,raw|default|identity,balanced,0.0,b2d26822f2e8d5499ddf,raw|default|identity,json,True,True,True
N/A,rule_based,brotli|9|identity,smallest,0.946749430151956,c4a941def8a08ccf229a,raw|default|identity,video,False,False,False
N/A,rule_based,deflate|9|identity,fastest,0.03997240895872428,c4a941def8a08ccf229a,raw|default|identity,video,False,False,False
N/A,rule_based,brotli|6|identity,balanced,0.42799030069201793,c4a941def8a08ccf229a,raw|default|identity,video,False,False,False
N/A,rule_based,lzma2|6|identity,smallest,0.0062532212889061575,1f2e48d06ee45b484a60,brotli|9|identity,json,False,True,True
N/A,rule_based,zstd|1|identity,fastest,0.0,1f2e48d06ee45b484a60,zstd|1|identity,json,True,True,True
N/A,rule_based,zstd|9|identity,balanced,0.02915843410169818,1f2e48d06ee45b484a60,brotli|9|identity,json,False,False,False
N/A,rule_based,brotli|9|identity,smallest,0.9485483395659691,7e893633dd0f5d20713c,raw|default|identity,video,False,False,False
N/A,rule_based,zstd|3|identity,fastest,0.036519893919476874,7e893633dd0f5d20713c,raw|default|identity,video,False,False,False
N/A,rule_based,brotli|6|identity,balanced,0.4322461507351095,7e893633dd0f5d20713c,raw|default|identity,video,False,False,False
N/A,rule_based,brotli|11|identity,smallest,0.08393751303984057,0d576738205abc00ed6e,zstd|9|identity,source_code,False,False,False
N/A,rule_based,zstd|3|identity,fastest,0.0022492114798178704,0d576738205abc00ed6e,zstd|1|identity,source_code,False,False,False
N/A,rule_based,deflate|9|identity,balanced,0.008189893833140865,0d576738205abc00ed6e,zstd|9|identity,source_code,False,False,False
N/A,rule_based,brotli|11|identity,smallest,0.06267610296534473,c3c9844aee9863dd7af6,brotli|9|identity,source_code,False,False,False
N/A,rule_based,deflate|6|identity,fastest,0.0006745246890166312,c3c9844aee9863dd7af6,zstd|1|identity,source_code,False,False,False
N/A,rule_based,deflate|6|identity,balanced,0.12422410771715325,c3c9844aee9863dd7af6,brotli|9|identity,source_code,False,False,False
N/A,rule_based,brotli|11|identity,smallest,0.07899365785196204,4416f13ac2189fe77572,zstd|9|identity,json,False,False,False
N/A,rule_based,zstd|3|identity,fastest,0.008008133053750165,4416f13ac2189fe77572,zstd|1|identity,json,False,False,False
N/A,rule_based,deflate|9|identity,balanced,0.008276352691346023,4416f13ac2189fe77572,zstd|9|identity,json,False,False,False
N/A,rule_based,brotli|6|identity,smallest,0.9514774176897031,f87b4ba16c61fc6e0d45,raw|default|identity,video,False,False,False
N/A,rule_based,zstd|3|identity,fastest,0.03729323100565436,f87b4ba16c61fc6e0d45,raw|default|identity,video,False,False,False
N/A,rule_based,brotli|6|identity,balanced,0.4305387857191804,f87b4ba16c61fc6e0d45,raw|default|identity,video,False,False,False
N/A,rule_based,brotli|11|identity,smallest,0.07700557692643388,aa14e7284e6e012d372f,brotli|9|identity,source_code,False,False,False
N/A,rule_based,zstd|3|identity,fastest,0.00048607054999732363,aa14e7284e6e012d372f,zstd|1|identity,source_code,False,False,False
N/A,rule_based,deflate|6|identity,balanced,0.0882904542328286,aa14e7284e6e012d372f,brotli|9|identity,source_code,False,False,False
N/A,rule_based,brotli|6|identity,smallest,0.9525281009145505,c70842272825dd567ecc,raw|default|identity,video,False,False,False
N/A,rule_based,brotli|4|identity,fastest,0.039394222522115815,c70842272825dd567ecc,raw|default|identity,video,False,False,False
N/A,rule_based,brotli|6|identity,balanced,0.43329842937035246,c70842272825dd567ecc,raw|default|identity,video,False,False,False
N/A,rule_based,brotli|9|identity,smallest,0.0,bb914fd114f4206a6405,brotli|9|identity,source_code,True,True,True
N/A,rule_based,raw|default|identity,fastest,0.042629331268153346,bb914fd114f4206a6405,zstd|1|identity,source_code,False,False,True
N/A,rule_based,brotli|9|identity,balanced,0.0,bb914fd114f4206a6405,brotli|9|identity,source_code,True,True,True
N/A,rule_based,brotli|6|identity,smallest,0.04405543132954762,e87d288b25a817ae2dc3,lzma2|6|identity,video,False,False,False
N/A,rule_based,zstd|1|identity,fastest,0.0,e87d288b25a817ae2dc3,zstd|1|identity,video,True,True,True
N/A,rule_based,brotli|6|identity,balanced,0.07471970214917642,e87d288b25a817ae2dc3,zstd|3|identity,video,False,True,True
N/A,rule_based,brotli|4|identity,smallest,0.0002905163849736187,7f82cba1e794f026072e,brotli|9|identity,repetitive,False,False,False
N/A,rule_based,deflate|1|identity,fastest,0.0016272612061356503,7f82cba1e794f026072e,zstd|1|identity,repetitive,False,True,True
N/A,rule_based,zstd|9|identity,balanced,0.01028341850953694,7f82cba1e794f026072e,brotli|9|identity,repetitive,False,False,False
N/A,rule_based,zstd|1|identity,smallest,0.0024183329467358313,666e98d51968b5491ce9,brotli|9|identity,structured,False,False,False
N/A,rule_based,deflate|1|identity,fastest,0.003147506236640221,666e98d51968b5491ce9,zstd|1|identity,structured,False,True,True
N/A,rule_based,zstd|1|identity,balanced,0.0491310573645356,666e98d51968b5491ce9,brotli|9|identity,structured,False,False,False
N/A,rule_based,zstd|1|identity,smallest,0.0032316722935443252,b0458f3e40ab25b3df7c,brotli|9|identity,repetitive,False,False,False
N/A,rule_based,zstd|1|identity,fastest,0.0,b0458f3e40ab25b3df7c,zstd|1|identity,repetitive,True,True,True
N/A,rule_based,zstd|1|identity,balanced,0.06451247780292785,b0458f3e40ab25b3df7c,brotli|9|identity,repetitive,False,False,False
N/A,rule_based,zstd|1|identity,smallest,0.002532198514969019,4bb8a5facf3912040266,brotli|9|identity,structured,False,False,False
N/A,rule_based,zstd|1|identity,fastest,0.0,4bb8a5facf3912040266,zstd|1|identity,structured,True,True,True
N/A,rule_based,zstd|1|identity,balanced,0.05135995656172072,4bb8a5facf3912040266,brotli|9|identity,structured,False,False,False
N/A,rule_based,zstd|3|identity,smallest,0.003368593438867807,5ee88f24a3dd924eaa91,brotli|9|identity,structured,False,False,False
N/A,rule_based,zstd|3|identity,fastest,0.0012520504262653488,5ee88f24a3dd924eaa91,zstd|1|identity,structured,False,False,False
N/A,rule_based,zstd|3|identity,balanced,0.06828728597930758,5ee88f24a3dd924eaa91,brotli|9|identity,structured,False,False,False
