feature,importance,model,profile,split_count
byte_entropy,0.15476190476190477,decision_tree,smallest,13
file_size,0.11904761904761904,decision_tree,smallest,10
ascii_ratio,0.11904761904761904,decision_tree,smallest,10
entropy_gradient,0.09523809523809523,decision_tree,smallest,8
digit_ratio,0.09523809523809523,decision_tree,smallest,8
sample_size,0.047619047619047616,decision_tree,smallest,4
newline_ratio,0.047619047619047616,decision_tree,smallest,4
estimated_lz_match_ratio,0.047619047619047616,decision_tree,smallest,4
repeated_ngram_ratio,0.03571428571428571,decision_tree,smallest,3
repetition_score,0.03571428571428571,decision_tree,smallest,3
first_order_delta_entropy,0.023809523809523808,decision_tree,smallest,2
whitespace_ratio,0.023809523809523808,decision_tree,smallest,2
longest_run,0.023809523809523808,decision_tree,smallest,2
mean_run_length,0.023809523809523808,decision_tree,smallest,2
run_count,0.023809523809523808,decision_tree,smallest,2
max_byte_frequency,0.011904761904761904,decision_tree,smallest,1
magic_signature_category=pe,0.011904761904761904,decision_tree,smallest,1
zero_ratio,0.011904761904761904,decision_tree,smallest,1
extension=.json,0.011904761904761904,decision_tree,smallest,1
extension=.map,0.011904761904761904,decision_tree,smallest,1
printable_ratio,0.011904761904761904,decision_tree,smallest,1
numeric_array_score,0.011904761904761904,decision_tree,smallest,1
file_size,0.05250481695568401,extra_trees,fastest,109
log2_file_size,0.05057803468208093,extra_trees,fastest,105
run_count,0.04527938342967245,extra_trees,fastest,94
first_order_delta_entropy,0.044797687861271675,extra_trees,fastest,93
byte_frequency_std,0.03564547206165703,extra_trees,fastest,74
repetition_score,0.03564547206165703,extra_trees,fastest,74
estimated_lz_match_ratio,0.03516377649325626,extra_trees,fastest,73
sample_size,0.03468208092485549,extra_trees,fastest,72
lz_match_estimate,0.03275529865125241,extra_trees,fastest,68
byte_entropy,0.03227360308285164,extra_trees,fastest,67
repeated_ngram_ratio,0.03227360308285164,extra_trees,fastest,67
local_entropy_mean,0.03227360308285164,extra_trees,fastest,67
whitespace_ratio,0.031791907514450865,extra_trees,fastest,66
digit_ratio,0.030828516377649325,extra_trees,fastest,64
run_length_score,0.030346820809248554,extra_trees,fastest,63
max_byte_frequency,0.029383429672447014,extra_trees,fastest,61
numeric_data_score,0.02842003853564547,extra_trees,fastest,59
mean_run_length,0.02842003853564547,extra_trees,fastest,59
unique_byte_count,0.027938342967244702,extra_trees,fastest,58
newline_ratio,0.02697495183044316,extra_trees,fastest,56
longest_run,0.024566473988439308,extra_trees,fastest,51
numeric_array_score,0.023603082851637765,extra_trees,fastest,49
local_entropy_std,0.023121387283236993,extra_trees,fastest,48
source_code_like_score,0.02167630057803468,extra_trees,fastest,45
ascii_ratio,0.0197495183044316,extra_trees,fastest,41
structured_text_score,0.017341040462427744,extra_trees,fastest,36
printable_ratio,0.016377649325626204,extra_trees,fastest,34
entropy_gradient,0.015414258188824663,extra_trees,fastest,32
csv_like_score,0.011560693641618497,extra_trees,fastest,24
zero_ratio,0.011560693641618497,extra_trees,fastest,24
mime_category=application,0.009152215799614644,extra_trees,fastest,19
json_like_score,0.009152215799614644,extra_trees,fastest,19
mime_category=archive,0.006262042389210019,extra_trees,fastest,13
mime_category=unknown,0.005780346820809248,extra_trees,fastest,12
extension=<none>,0.004816955684007707,extra_trees,fastest,10
extension=.json,0.004816955684007707,extra_trees,fastest,10
mime_category=image,0.004816955684007707,extra_trees,fastest,10
extension=.csv,0.004335260115606936,extra_trees,fastest,9
extension=.py,0.004335260115606936,extra_trees,fastest,9
is_binary_like,0.0038535645472061657,extra_trees,fastest,8
extension=.md,0.0038535645472061657,extra_trees,fastest,8
is_text_like,0.0038535645472061657,extra_trees,fastest,8
mime_category=text,0.003371868978805395,extra_trees,fastest,7
extension=.pt,0.002890173410404624,extra_trees,fastest,6
extension=.txt,0.002890173410404624,extra_trees,fastest,6
extension=.bin,0.002890173410404624,extra_trees,fastest,6
extension=.ps1,0.002890173410404624,extra_trees,fastest,6
extension=.example,0.002890173410404624,extra_trees,fastest,6
is_already_compressed,0.0024084778420038534,extra_trees,fastest,5
already_compressed_score,0.0024084778420038534,extra_trees,fastest,5
magic_signature_category=zip,0.0024084778420038534,extra_trees,fastest,5
extension=.ts,0.0024084778420038534,extra_trees,fastest,5
magic_signature_category=iso-media,0.0024084778420038534,extra_trees,fastest,5
extension=.map,0.001445086705202312,extra_trees,fastest,3
magic_signature_category=unknown,0.001445086705202312,extra_trees,fastest,3
extension=.svg,0.001445086705202312,extra_trees,fastest,3
extension=.tsx,0.001445086705202312,extra_trees,fastest,3
mime_category=video,0.001445086705202312,extra_trees,fastest,3
extension=.png,0.001445086705202312,extra_trees,fastest,3
extension=.cs,0.0009633911368015414,extra_trees,fastest,2
extension=.old,0.0009633911368015414,extra_trees,fastest,2
extension=.gz,0.0009633911368015414,extra_trees,fastest,2
extension=.conf,0.0009633911368015414,extra_trees,fastest,2
extension=.bat,0.0009633911368015414,extra_trees,fastest,2
extension=.kt,0.0009633911368015414,extra_trees,fastest,2
extension=.html,0.0004816955684007707,extra_trees,fastest,1
extension=.js,0.0004816955684007707,extra_trees,fastest,1
extension=.cache,0.0004816955684007707,extra_trees,fastest,1
extension=.xml,0.0004816955684007707,extra_trees,fastest,1
magic_signature_category=pe,0.0004816955684007707,extra_trees,fastest,1
extension=.razor,0.0004816955684007707,extra_trees,fastest,1
extension=.dll,0.0004816955684007707,extra_trees,fastest,1
magic_signature_category=png,0.0004816955684007707,extra_trees,fastest,1
extension=.ipynb,0.0004816955684007707,extra_trees,fastest,1
extension=.dart,0.0004816955684007707,extra_trees,fastest,1
extension=.pdf,0.0004816955684007707,extra_trees,fastest,1
extension=.yaml,0.0004816955684007707,extra_trees,fastest,1
extension=.jar,0.0004816955684007707,extra_trees,fastest,1
extension=.cc,0.0004816955684007707,extra_trees,fastest,1
magic_signature_category=gzip,0.0004816955684007707,extra_trees,fastest,1
extension=.properties,0.0004816955684007707,extra_trees,fastest,1
log2_file_size,0.052002390914524806,random_forest,balanced,87
file_size,0.049013747758517634,random_forest,balanced,82
byte_entropy,0.04722056186491333,random_forest,balanced,79
sample_size,0.045427375971309025,random_forest,balanced,76
first_order_delta_entropy,0.04064554692169755,random_forest,balanced,68
run_count,0.03825463239689181,random_forest,balanced,64
repeated_ngram_ratio,0.03705917513448894,random_forest,balanced,62
estimated_lz_match_ratio,0.03347280334728033,random_forest,balanced,56
digit_ratio,0.032277346084877465,random_forest,balanced,54
repetition_score,0.031679617453676034,random_forest,balanced,53
ascii_ratio,0.031679617453676034,random_forest,balanced,53
entropy_gradient,0.029288702928870293,random_forest,balanced,49
longest_run,0.02869097429766886,random_forest,balanced,48
byte_frequency_std,0.028093245666467422,random_forest,balanced,47
local_entropy_mean,0.02749551703526599,random_forest,balanced,46
lz_match_estimate,0.026897788404064555,random_forest,balanced,45
newline_ratio,0.02630005977286312,random_forest,balanced,44
numeric_array_score,0.02510460251046025,random_forest,balanced,42
max_byte_frequency,0.024506873879258817,random_forest,balanced,41
whitespace_ratio,0.023311416616855946,random_forest,balanced,39
run_length_score,0.023311416616855946,random_forest,balanced,39
mean_run_length,0.022713687985654513,random_forest,balanced,38
unique_byte_count,0.021518230723251645,random_forest,balanced,36
numeric_data_score,0.021518230723251645,random_forest,balanced,36
printable_ratio,0.020322773460848775,random_forest,balanced,34
local_entropy_std,0.01972504482964734,random_forest,balanced,33
source_code_like_score,0.01852958756724447,random_forest,balanced,31
structured_text_score,0.014943215780035863,random_forest,balanced,25
zero_ratio,0.011356843992827256,random_forest,balanced,19
json_like_score,0.008965929468021518,random_forest,balanced,15
mime_category=application,0.008368200836820083,random_forest,balanced,14
csv_like_score,0.00657501494321578,random_forest,balanced,11
already_compressed_score,0.005977286312014346,random_forest,balanced,10
magic_signature_category=unknown,0.005977286312014346,random_forest,balanced,10
extension=.md,0.005977286312014346,random_forest,balanced,10
extension=.rand,0.005379557680812911,random_forest,balanced,9
extension=.mp4,0.005379557680812911,random_forest,balanced,9
is_already_compressed,0.005379557680812911,random_forest,balanced,9
extension=.json,0.004781829049611476,random_forest,balanced,8
mime_category=text,0.004781829049611476,random_forest,balanced,8
is_binary_like,0.004781829049611476,random_forest,balanced,8
magic_signature_category=iso-media,0.0041841004184100415,random_forest,balanced,7
extension=.csv,0.0041841004184100415,random_forest,balanced,7
is_text_like,0.0041841004184100415,random_forest,balanced,7
extension=.pt,0.0035863717872086074,random_forest,balanced,6
extension=.xml,0.0035863717872086074,random_forest,balanced,6
magic_signature_category=zip,0.0035863717872086074,random_forest,balanced,6
extension=.png,0.0035863717872086074,random_forest,balanced,6
extension=.tsx,0.002988643156007173,random_forest,balanced,5
mime_category=video,0.002988643156007173,random_forest,balanced,5
extension=.log,0.002988643156007173,random_forest,balanced,5
mime_category=image,0.002988643156007173,random_forest,balanced,5
extension=.gz,0.002390914524805738,random_forest,balanced,4
extension=.old,0.002390914524805738,random_forest,balanced,4
extension=.dll,0.002390914524805738,random_forest,balanced,4
magic_signature_category=pe,0.0017931858936043037,random_forest,balanced,3
extension=.ps1,0.0017931858936043037,random_forest,balanced,3
extension=.ts,0.0017931858936043037,random_forest,balanced,3
extension=.txt,0.0017931858936043037,random_forest,balanced,3
mime_category=unknown,0.0017931858936043037,random_forest,balanced,3
extension=.rs,0.001195457262402869,random_forest,balanced,2
extension=.js,0.001195457262402869,random_forest,balanced,2
extension=.py,0.001195457262402869,random_forest,balanced,2
extension=.map,0.001195457262402869,random_forest,balanced,2
magic_signature_category=gzip,0.001195457262402869,random_forest,balanced,2
extension=<none>,0.001195457262402869,random_forest,balanced,2
magic_signature_category=png,0.001195457262402869,random_forest,balanced,2
extension=.dart,0.001195457262402869,random_forest,balanced,2
extension=.lock,0.001195457262402869,random_forest,balanced,2
extension=.ipynb,0.001195457262402869,random_forest,balanced,2
extension=.cache,0.001195457262402869,random_forest,balanced,2
extension=.bat,0.0005977286312014345,random_forest,balanced,1
extension=.pdb,0.0005977286312014345,random_forest,balanced,1
extension=.html,0.0005977286312014345,random_forest,balanced,1
extension=.css,0.0005977286312014345,random_forest,balanced,1
extension=.example,0.0005977286312014345,random_forest,balanced,1
extension=.razor,0.0005977286312014345,random_forest,balanced,1
mime_category=archive,0.0005977286312014345,random_forest,balanced,1
extension=.stamp,0.0005977286312014345,random_forest,balanced,1
extension=.manifest,0.0005977286312014345,random_forest,balanced,1
extension=.svg,0.0005977286312014345,random_forest,balanced,1
extension=.exe,0.0005977286312014345,random_forest,balanced,1
extension=.bin,0.0005977286312014345,random_forest,balanced,1
